-- phpMyAdmin SQL Dump
-- version 4.7.4
-- https://www.phpmyadmin.net/
--
-- Servidor: 127.0.0.1
-- Tiempo de generación: 14-06-2018 a las 01:30:40
-- Versión del servidor: 10.1.28-MariaDB
-- Versión de PHP: 7.1.11

SET SQL_MODE = "NO_AUTO_VALUE_ON_ZERO";
SET AUTOCOMMIT = 0;
START TRANSACTION;
SET time_zone = "+00:00";


/*!40101 SET @OLD_CHARACTER_SET_CLIENT=@@CHARACTER_SET_CLIENT */;
/*!40101 SET @OLD_CHARACTER_SET_RESULTS=@@CHARACTER_SET_RESULTS */;
/*!40101 SET @OLD_COLLATION_CONNECTION=@@COLLATION_CONNECTION */;
/*!40101 SET NAMES utf8mb4 */;

--
-- Base de datos: `basesimv1`
--

-- --------------------------------------------------------

--
-- Estructura de tabla para la tabla `administrador`
--

CREATE TABLE `administrador` (
  `idAdministrador` int(11) NOT NULL,
  `nombreAdmin` varchar(20) DEFAULT NULL,
  `apPat` varchar(20) DEFAULT NULL,
  `apMat` varchar(20) DEFAULT NULL,
  `contra` varchar(20) NOT NULL,
  `user` varchar(20) NOT NULL,
  `imgAdmin` varchar(50) DEFAULT NULL
) ENGINE=InnoDB DEFAULT CHARSET=latin1;

--
-- Volcado de datos para la tabla `administrador`
--

INSERT INTO `administrador` (`idAdministrador`, `nombreAdmin`, `apPat`, `apMat`, `contra`, `user`, `imgAdmin`) VALUES
(1, 'Carlos', 'Melo', 'Garcia', '123', 'CM', NULL),
(11, 'Raul', 'Uribe', 'Escamilla', 'Raul705', 'Raul705', NULL);

-- --------------------------------------------------------

--
-- Estructura de tabla para la tabla `almacen`
--

CREATE TABLE `almacen` (
  `Balance_numeroPeriodo` int(11) NOT NULL,
  `Producto_idProducto` int(11) NOT NULL,
  `Proyecto_idProyecto` int(11) NOT NULL,
  `unidadesAlmacenadas` int(11) NOT NULL DEFAULT '0'
) ENGINE=InnoDB DEFAULT CHARSET=latin1;

--
-- Volcado de datos para la tabla `almacen`
--

INSERT INTO `almacen` (`Balance_numeroPeriodo`, `Producto_idProducto`, `Proyecto_idProyecto`, `unidadesAlmacenadas`) VALUES
(1, 4, 33, 5000),
(2, 4, 33, 1000),
(5, 5, 33, 3000),
(1, 4, 34, 5000),
(2, 4, 34, 1000),
(5, 5, 34, 1000),
(1, 4, 41, 6000),
(1, 4, 44, 5000),
(2, 4, 44, 1000),
(5, 5, 44, 3000),
(1, 4, 45, 5000),
(2, 4, 45, 1000),
(5, 5, 45, 3000);

-- --------------------------------------------------------

--
-- Estructura de tabla para la tabla `amortizacion`
--

CREATE TABLE `amortizacion` (
  `numeroPeriodo` int(11) NOT NULL,
  `Proyecto_idProyecto` int(11) NOT NULL,
  `idCredito` int(11) NOT NULL,
  `pagoCapital` double NOT NULL,
  `intereses` double NOT NULL
) ENGINE=InnoDB DEFAULT CHARSET=utf8;

--
-- Volcado de datos para la tabla `amortizacion`
--

INSERT INTO `amortizacion` (`numeroPeriodo`, `Proyecto_idProyecto`, `idCredito`, `pagoCapital`, `intereses`) VALUES
(2, 33, 3, 18324340, 6675660),
(2, 34, 6, 10000000, 2000000),
(2, 44, 3, 18324340, 6675660),
(2, 45, 3, 18324340, 6675660),
(2, 46, 1, 1474518, 625482),
(2, 46, 3, 1832434, 667566),
(3, 33, 3, 9043473, 3456527),
(3, 33, 4, 12750000, 2250000),
(3, 34, 6, 18000000, 3600000),
(3, 44, 3, 9043473, 3456527),
(3, 44, 4, 12750000, 2250000),
(3, 45, 3, 9043473, 3456527),
(3, 45, 4, 12750000, 2250000),
(3, 46, 1, 1658975, 441025),
(3, 46, 3, 904347, 345653),
(4, 33, 1, 5898073, 2501927),
(4, 33, 3, 10632188, 1867812),
(4, 34, 6, 25000000, 5000000),
(4, 44, 1, 5898073, 2501927),
(4, 44, 3, 10632188, 1867812),
(4, 45, 1, 5898073, 2501927),
(4, 45, 3, 10632188, 1867812),
(4, 46, 1, 1866507, 233493),
(4, 46, 3, 1063219, 186781),
(5, 33, 1, 6635900, 1764100),
(5, 33, 4, 26350000, 4650000),
(5, 34, 6, 41000000, 8200000),
(5, 44, 1, 6635900, 1764100),
(5, 44, 4, 26350000, 4650000),
(5, 45, 1, 6635900, 1764100),
(5, 45, 4, 26350000, 4650000),
(6, 33, 1, 7466027, 933973),
(6, 33, 4, 51000000, 9000000),
(6, 34, 6, 54000000, 10800000),
(6, 44, 1, 7466027, 933973),
(6, 44, 4, 8500000, 1500000),
(6, 45, 1, 7466027, 933973),
(6, 45, 4, 8500000, 1500000),
(7, 33, 4, 51000000, 9000000),
(7, 34, 6, 43000000, 8600000),
(8, 33, 4, 38250000, 6750000),
(8, 34, 6, 21000000, 4200000),
(9, 33, 4, 15300000, 2700000);

-- --------------------------------------------------------

--
-- Estructura de tabla para la tabla `auxiliarcuenta`
--

CREATE TABLE `auxiliarcuenta` (
  `Balance_numeroPeriodo` int(11) NOT NULL,
  `Proyectos_idProyecto` int(11) NOT NULL,
  `Producto_idProducto` int(11) NOT NULL,
  `IVACompraMaq` double DEFAULT '0',
  `IVAGastosVenta` double DEFAULT '0',
  `costoTransformacionMaq` double DEFAULT '0',
  `compraMaquinaria` double DEFAULT '0',
  `desarrolloMercado` double NOT NULL DEFAULT '0',
  `desarrolloProducto` double NOT NULL DEFAULT '0'
) ENGINE=InnoDB DEFAULT CHARSET=latin1;

--
-- Volcado de datos para la tabla `auxiliarcuenta`
--

INSERT INTO `auxiliarcuenta` (`Balance_numeroPeriodo`, `Proyectos_idProyecto`, `Producto_idProducto`, `IVACompraMaq`, `IVAGastosVenta`, `costoTransformacionMaq`, `compraMaquinaria`, `desarrolloMercado`, `desarrolloProducto`) VALUES
(1, 33, 4, -900000, -150000, 600000, 6900000, 1000000, 0),
(1, 33, 5, 0, -300000, 0, 0, 0, 2000000),
(1, 34, 4, -900000, -150000, 600000, 6900000, 1000000, 0),
(1, 34, 5, 0, -300000, 0, 0, 0, 2000000),
(1, 36, 4, -900000, 0, 600000, 6900000, 0, 0),
(1, 41, 4, -600000, -75000, 400000, 4600000, 500000, 0),
(1, 41, 5, 0, -300000, 0, 0, 0, 2000000),
(1, 41, 6, 0, 0, 0, 0, 0, 0),
(1, 44, 4, -900000, -150000, 600000, 6900000, 1000000, 0),
(1, 44, 5, 0, -300000, 0, 0, 0, 2000000),
(1, 45, 4, -900000, -150000, 600000, 6900000, 1000000, 0),
(1, 45, 5, 0, -300000, 0, 0, 0, 2000000),
(2, 33, 4, -900000, 0, 600000, 6900000, 0, 0),
(2, 33, 5, 0, -300000, 0, 0, 0, 2000000),
(2, 33, 6, 0, -450000, 0, 0, 0, 3000000),
(2, 34, 4, -900000, 0, 600000, 6900000, 0, 0),
(2, 34, 5, 0, -300000, 0, 0, 0, 2000000),
(2, 34, 6, 0, -450000, 0, 0, 0, 3000000),
(2, 44, 4, -900000, 0, 600000, 6900000, 0, 0),
(2, 44, 5, 0, -300000, 0, 0, 0, 2000000),
(2, 44, 6, 0, -450000, 0, 0, 0, 3000000),
(2, 45, 4, -900000, 0, 600000, 6900000, 0, 0),
(2, 45, 5, 0, -300000, 0, 0, 0, 2000000),
(2, 45, 6, 0, -450000, 0, 0, 0, 3000000),
(2, 46, 6, -1800000, 0, 1200000, 13800000, 0, 0),
(3, 33, 5, 0, -600000, 0, 0, 4000000, 0),
(3, 33, 6, 0, -450000, 0, 0, 0, 3000000),
(3, 34, 5, 0, -900000, 0, 0, 6000000, 0),
(3, 34, 6, 0, -450000, 0, 0, 0, 3000000),
(3, 44, 5, 0, -600000, 0, 0, 4000000, 0),
(3, 44, 6, 0, -450000, 0, 0, 0, 3000000),
(3, 45, 5, 0, -600000, 0, 0, 4000000, 0),
(3, 45, 6, 0, -450000, 0, 0, 0, 3000000),
(3, 46, 6, -1200000, 0, 800000, 9200000, 0, 0),
(4, 33, 5, 0, -600000, 0, 0, 4000000, 0),
(4, 33, 6, 0, -900000, 0, 0, 6000000, 0),
(4, 34, 5, 0, -900000, 0, 0, 6000000, 0),
(4, 34, 6, 0, -1350000, 0, 0, 9000000, 0),
(4, 44, 5, 0, -600000, 0, 0, 4000000, 0),
(4, 44, 6, 0, -900000, 0, 0, 6000000, 0),
(4, 45, 5, 0, -600000, 0, 0, 4000000, 0),
(4, 45, 6, 0, -900000, 0, 0, 6000000, 0),
(5, 33, 5, -1800000, -300000, 1200000, 13800000, 2000000, 0),
(5, 33, 6, 0, -1350000, 0, 0, 9000000, 0),
(5, 34, 5, -1800000, 0, 1200000, 13800000, 0, 0),
(5, 34, 6, 0, -1350000, 0, 0, 9000000, 0),
(5, 44, 5, -1800000, -300000, 1200000, 13800000, 2000000, 0),
(5, 44, 6, 0, -1800000, 0, 0, 12000000, 0),
(5, 45, 5, -1800000, -300000, 1200000, 13800000, 2000000, 0),
(5, 45, 6, 0, -2250000, 0, 0, 15000000, 0),
(6, 33, 5, 0, -300000, 0, 0, 2000000, 0),
(6, 33, 6, -600000, -450000, 400000, 4600000, 3000000, 0),
(6, 34, 6, -2400000, 0, 1600000, 18400000, 0, 0),
(7, 33, 6, -2400000, 0, 1600000, 18400000, 0, 0),
(7, 34, 4, 0, 0, 0, 0, 0, 0),
(7, 34, 6, -600000, 0, 400000, 4600000, 0, 0),
(8, 33, 6, -1200000, 0, 800000, 9200000, 0, 0),
(8, 34, 5, -450000, 0, 300000, 3450000, 0, 0),
(8, 34, 6, -1200000, 0, 800000, 9200000, 0, 0),
(10, 33, 6, -600000, 0, 400000, 4600000, 0, 0),
(10, 34, 6, -600000, 0, 400000, 4600000, 0, 0);

-- --------------------------------------------------------

--
-- Estructura de tabla para la tabla `auxiliarcuentaventa`
--

CREATE TABLE `auxiliarcuentaventa` (
  `Producto_idProducto` int(11) NOT NULL,
  `Balance_numeroPeriodo` int(11) NOT NULL,
  `Proyectos_idProyecto` int(11) NOT NULL,
  `unidadesVendidas` int(11) NOT NULL DEFAULT '0',
  `unidadesAlmacenadas` int(11) NOT NULL DEFAULT '0',
  `unidadesProducidas` int(11) NOT NULL DEFAULT '0',
  `IVAxVentas` double DEFAULT '0',
  `IVACompras` double DEFAULT '0',
  `IVATrans` double DEFAULT '0',
  `IVADist` double DEFAULT '0',
  `IVAAdmon` double DEFAULT '0',
  `Ventas` double DEFAULT '0',
  `VentasPorCobrar` double DEFAULT '0',
  `VentasCobradas` double DEFAULT '0',
  `Compras` double DEFAULT '0',
  `ComprasPorPagar` double DEFAULT '0',
  `comprasPagadas` double DEFAULT '0',
  `costoTransformacionVentas` double DEFAULT '0',
  `costoDistribucion` double DEFAULT '0',
  `costoAdministrativo` double DEFAULT '0',
  `costoDistDep` double DEFAULT '0',
  `costoAdminDep` double DEFAULT '0',
  `materiaCosumida` double DEFAULT '0',
  `costoDeProduccion` double DEFAULT '0',
  `inventarioInicial` double DEFAULT '0',
  `inventarioFinal` double DEFAULT '0',
  `costoVentas` double DEFAULT '0',
  `costoTransformacionMaq` double NOT NULL DEFAULT '0'
) ENGINE=InnoDB DEFAULT CHARSET=latin1;

--
-- Volcado de datos para la tabla `auxiliarcuentaventa`
--

INSERT INTO `auxiliarcuentaventa` (`Producto_idProducto`, `Balance_numeroPeriodo`, `Proyectos_idProyecto`, `unidadesVendidas`, `unidadesAlmacenadas`, `unidadesProducidas`, `IVAxVentas`, `IVACompras`, `IVATrans`, `IVADist`, `IVAAdmon`, `Ventas`, `VentasPorCobrar`, `VentasCobradas`, `Compras`, `ComprasPorPagar`, `comprasPagadas`, `costoTransformacionVentas`, `costoDistribucion`, `costoAdministrativo`, `costoDistDep`, `costoAdminDep`, `materiaCosumida`, `costoDeProduccion`, `inventarioInicial`, `inventarioFinal`, `costoVentas`, `costoTransformacionMaq`) VALUES
(4, 1, 33, 18000, 5000, 23000, 2970000, -1666350, -1049999.9999999998, -568500, -40500, 22770000, 1897500, 20872500, 12775350, 1064612.5, 11710737.5, 6999999.999999999, 3800000, 300000, 3790000, 270000, 11109000, 19009000, 0, 4132391.304347826, 14876608.695652174, 900000),
(4, 1, 34, 18000, 5000, 23000, 2970000, -1666350, -1049999.9999999998, -568500, -40500, 22770000, 1897500, 20872500, 12775350, 1064612.5, 11710737.5, 6999999.999999999, 3800000, 300000, 3790000, 270000, 11109000, 19009000, 0, 4132391.304347826, 14876608.695652174, 900000),
(4, 1, 41, 9000, 6000, 15000, 1485000, -1086750, -690000, -298500, -40500, 11385000, 948750, 10436250, 8331750, 694312.5, 7637437.5, 4600000, 2000000, 300000, 1990000, 270000, 7245000, 12545000, 0, 5018000, 7527000, 700000),
(4, 1, 44, 18000, 5000, 23000, 2970000, -1666350, -1049999.9999999998, -568500, -40500, 22770000, 1897500, 20872500, 12775350, 1064612.5, 11710737.5, 6999999.999999999, 3800000, 300000, 3790000, 270000, 11109000, 19009000, 0, 4132391.304347826, 14876608.695652174, 900000),
(4, 1, 45, 18000, 5000, 23000, 2970000, -1666350, -1049999.9999999998, -568500, -40500, 22770000, 1897500, 20872500, 12775350, 1064612.5, 11710737.5, 6999999.999999999, 3800000, 300000, 3790000, 270000, 11109000, 19009000, 0, 4132391.304347826, 14876608.695652174, 900000),
(4, 2, 33, 42000, 1000, 38000, 6930000, -2753100, -1725000, -1288500, -40500, 53130000, 4427500, 48702500, 21107100, 1758925, 19348175, 11500000, 8600000, 300000, 8590000, 270000, 18354000, 31354000, 4132391.304347826, 825264.9140546006, 34661126.390293226, 1500000),
(4, 2, 34, 42000, 1000, 38000, 6930000, -2753100, -1725000, -1288500, -40500, 53130000, 4427500, 48702500, 21107100, 1758925, 19348175, 11500000, 8600000, 300000, 8590000, 270000, 18354000, 31354000, 4132391.304347826, 825264.9140546006, 34661126.390293226, 1500000),
(4, 2, 44, 42000, 1000, 38000, 6930000, -2753100, -1725000, -1288500, -40500, 53130000, 4427500, 48702500, 21107100, 1758925, 19348175, 11500000, 8600000, 300000, 8590000, 270000, 18354000, 31354000, 4132391.304347826, 825264.9140546006, 34661126.390293226, 1500000),
(4, 2, 45, 42000, 1000, 38000, 6930000, -2753100, -1725000, -1288500, -40500, 53130000, 4427500, 48702500, 21107100, 1758925, 19348175, 11500000, 8600000, 300000, 8590000, 270000, 18354000, 31354000, 4132391.304347826, 825264.9140546006, 34661126.390293226, 1500000),
(4, 3, 33, 39000, 0, 38000, 6435000, -2753100, -1725000, -1198500, -40500, 49335000, 4111249.9999999995, 45223750, 21107100, 1758925, 19348175, 11500000, 8000000, 300000, 7990000, 270000, 18354000, 31354000, 825264.9140546006, 0, 32179264.914054602, 1500000),
(4, 3, 34, 39000, 0, 38000, 6435000, -2753100, -1725000, -1198500, -40500, 49335000, 4111249.9999999995, 45223750, 21107100, 1758925, 19348175, 11500000, 8000000, 300000, 7990000, 270000, 18354000, 31354000, 825264.9140546006, 0, 32179264.914054602, 1500000),
(4, 3, 44, 39000, 0, 38000, 6435000, -2753100, -1725000, -1198500, -40500, 49335000, 4111249.9999999995, 45223750, 21107100, 1758925, 19348175, 11500000, 8000000, 300000, 7990000, 270000, 18354000, 31354000, 825264.9140546006, 0, 32179264.914054602, 1500000),
(4, 3, 45, 39000, 0, 38000, 6435000, -2753100, -1725000, -1198500, -40500, 49335000, 4111249.9999999995, 45223750, 21107100, 1758925, 19348175, 11500000, 8000000, 300000, 7990000, 270000, 18354000, 31354000, 825264.9140546006, 0, 32179264.914054602, 1500000),
(4, 4, 33, 38000, 0, 38000, 6270000, -2753100, -1725000, -1168500, -40500, 48070000, 4005833.3333333335, 44064166.666666664, 21107100, 1758925, 19348175, 11500000, 7800000, 300000, 7790000, 270000, 18354000, 31354000, 0, 0, 31354000, 1500000),
(4, 4, 34, 38000, 0, 38000, 6270000, -2753100, -1725000, -1168500, -40500, 48070000, 4005833.3333333335, 44064166.666666664, 21107100, 1758925, 19348175, 11500000, 7800000, 300000, 7790000, 270000, 18354000, 31354000, 0, 0, 31354000, 1500000),
(4, 4, 44, 38000, 0, 38000, 6270000, -2753100, -1725000, -1168500, -40500, 48070000, 4005833.3333333335, 44064166.666666664, 21107100, 1758925, 19348175, 11500000, 7800000, 300000, 7790000, 270000, 18354000, 31354000, 0, 0, 31354000, 1500000),
(4, 4, 45, 38000, 0, 38000, 6270000, -2753100, -1725000, -1168500, -40500, 48070000, 4005833.3333333335, 44064166.666666664, 21107100, 1758925, 19348175, 11500000, 7800000, 300000, 7790000, 270000, 18354000, 31354000, 0, 0, 31354000, 1500000),
(4, 5, 33, 23000, 0, 23000, 3795000, -1666350, -1050000, -718500, -40500, 29095000, 2424583.333333333, 26670416.666666668, 12775350, 1064612.5, 11710737.5, 7000000, 4800000, 300000, 4790000, 270000, 11109000, 19609000, 0, 0, 19609000, 1500000),
(5, 5, 33, 25000, 3000, 28000, 7500000, -2898000, -1695000, -816000, -40500, 57500000, 4791666.666666667, 52708333.333333336, 22218000, 1851500, 20366500, 11300000, 5450000, 300000, 5440000, 270000, 19320000, 31820000, 0, 3409285.714285714, 28410714.285714287, 1200000),
(4, 5, 34, 23000, 0, 23000, 3795000, -1666350, -1050000, -718500, -40500, 29095000, 2424583.333333333, 26670416.666666668, 12775350, 1064612.5, 11710737.5, 7000000, 4800000, 300000, 4790000, 270000, 11109000, 19609000, 0, 0, 19609000, 1500000),
(5, 5, 34, 27000, 1000, 28000, 8100000, -2898000, -1695000, -879000, -40500, 62100000, 5175000, 56925000, 22218000, 1851500, 20366500, 11300000, 5870000, 300000, 5860000, 270000, 19320000, 31820000, 0, 1136428.5714285714, 30683571.42857143, 1200000),
(4, 5, 44, 23000, 0, 23000, 3795000, -1666350, -1050000, -718500, -40500, 29095000, 2424583.333333333, 26670416.666666668, 12775350, 1064612.5, 11710737.5, 7000000, 4800000, 300000, 4790000, 270000, 11109000, 19609000, 0, 0, 19609000, 1500000),
(5, 5, 44, 25000, 3000, 28000, 7500000, -2898000, -1695000, -816000, -40500, 57500000, 4791666.666666667, 52708333.333333336, 22218000, 1851500, 20366500, 11300000, 5450000, 300000, 5440000, 270000, 19320000, 31820000, 0, 3409285.714285714, 28410714.285714287, 1200000),
(4, 5, 45, 23000, 0, 23000, 3795000, -1666350, -1050000, -718500, -40500, 29095000, 2424583.333333333, 26670416.666666668, 12775350, 1064612.5, 11710737.5, 7000000, 4800000, 300000, 4790000, 270000, 11109000, 19609000, 0, 0, 19609000, 1500000),
(5, 5, 45, 25000, 3000, 28000, 7500000, -2898000, -1695000, -816000, -40500, 57500000, 4791666.666666667, 52708333.333333336, 22218000, 1851500, 20366500, 11300000, 5450000, 300000, 5440000, 270000, 19320000, 31820000, 0, 3409285.714285714, 28410714.285714287, 1200000),
(4, 6, 33, 10000, 0, 10000, 1650000, -724500, -465000, -328500, -40500, 12650000, 1054166.6666666667, 11595833.333333334, 5554500, 462875, 5091625, 3100000, 2200000, 300000, 2190000, 270000, 4830000, 9430000, 0, 0, 9430000, 1500000),
(5, 6, 33, 24000, 0, 21000, 7200000, -2173500, -1275000, -784500, -40500, 55200000, 4600000, 50600000, 16663500, 1388625, 15274875, 8500000, 5240000, 300000, 5230000, 270000, 14490000, 24190000, 3409285.714285714, 0, 27599285.714285713, 1200000),
(6, 6, 33, 5000, 0, 5000, 1875000, -621000, -390000, -193500, -40500, 14375000, 1197916.6666666667, 13177083.333333334, 4761000, 396750, 4364250, 2600000, 1300000, 300000, 1290000, 270000, 4140000, 7140000, 0, 0, 7140000, 400000),
(4, 6, 34, 10000, 0, 10000, 1650000, -724500, -465000, -328500, -40500, 12650000, 1054166.6666666667, 11595833.333333334, 5554500, 462875, 5091625, 3100000, 2200000, 300000, 2190000, 270000, 4830000, 9430000, 0, 0, 9430000, 1500000),
(5, 6, 34, 29000, 0, 28000, 8700000, -2898000, -1695000, -942000, -40500, 66700000, 5558333.333333333, 61141666.666666664, 22218000, 1851500, 20366500, 11300000, 6290000, 300000, 6280000, 270000, 19320000, 31820000, 1136428.5714285714, 0, 32956428.57142857, 1200000),
(6, 6, 34, 20000, 0, 20000, 7500000, -2484000, -1515000, -688500, -40500, 57500000, 4791666.666666667, 52708333.333333336, 19044000, 1587000, 17457000, 10100000, 4600000, 300000, 4590000, 270000, 16560000, 28260000, 0, 0, 28260000, 1600000),
(4, 7, 33, 6000, 0, 6000, 990000, -434700, -285000, -208500, -40500, 7590000, 632500, 6957500, 3332700, 277725, 3054975, 1900000, 1400000, 300000, 1390000, 270000, 2898000, 6298000, 0, 0, 6298000, 1500000),
(5, 7, 33, 28000, 0, 28000, 8400000, -2898000, -1695000, -910500, -40500, 64400000, 5366666.666666666, 59033333.333333336, 22218000, 1851500, 20366500, 11300000, 6080000, 300000, 6070000, 270000, 19320000, 31820000, 0, 0, 31820000, 1200000),
(6, 7, 33, 25000, 0, 25000, 9375000, -3105000, -1890000, -853500, -40500, 71875000, 5989583.333333333, 65885416.666666664, 23805000, 1983750, 21821250, 12600000, 5700000, 300000, 5690000, 270000, 20700000, 35300000, 0, 0, 35300000, 2000000),
(4, 7, 34, 6000, 0, 6000, 990000, -434700, -285000, -208500, -40500, 7590000, 632500, 6957500, 3332700, 277725, 3054975, 1900000, 1400000, 300000, 1390000, 270000, 2898000, 6298000, 0, 0, 6298000, 1500000),
(5, 7, 34, 28000, 0, 28000, 8400000, -2898000, -1695000, -910500, -40500, 64400000, 5366666.666666666, 59033333.333333336, 22218000, 1851500, 20366500, 11300000, 6080000, 300000, 6070000, 270000, 19320000, 31820000, 0, 0, 31820000, 1200000),
(6, 7, 34, 25000, 0, 25000, 9375000, -3105000, -1890000, -853500, -40500, 71875000, 5989583.333333333, 65885416.666666664, 23805000, 1983750, 21821250, 12600000, 5700000, 300000, 5690000, 270000, 20700000, 35300000, 0, 0, 35300000, 2000000),
(4, 8, 33, 3000, 0, 3000, 495000, -217350, -150000, -118500, -40500, 3795000, 316250, 3478750, 1666350, 138862.5, 1527487.5, 1000000, 800000, 300000, 790000, 270000, 1449000, 3949000, 0, 0, 3949000, 1500000),
(5, 8, 33, 28000, 0, 28000, 8400000, -2898000, -1695000, -910500, -40500, 64400000, 5366666.666666666, 59033333.333333336, 22218000, 1851500, 20366500, 11300000, 6080000, 300000, 6070000, 270000, 19320000, 31820000, 0, 0, 31820000, 1200000),
(6, 8, 33, 35000, 0, 35000, 13125000, -4347000, -2640000, -1183500, -40500, 100625000, 8385416.666666666, 92239583.33333333, 33327000, 2777250, 30549750, 17600000, 7900000, 300000, 7890000, 270000, 28980000, 49380000, 0, 0, 49380000, 2800000),
(4, 8, 34, 3000, 0, 3000, 495000, -217350, -150000, -118500, -40500, 3795000, 316250, 3478750, 1666350, 138862.5, 1527487.5, 1000000, 800000, 300000, 790000, 270000, 1449000, 3949000, 0, 0, 3949000, 1500000),
(5, 8, 34, 35000, 0, 35000, 10500000, -3622500, -2115000, -1131000, -40500, 80500000, 6708333.333333334, 73791666.66666667, 27772500, 2314375, 25458125, 14100000, 7550000, 300000, 7540000, 270000, 24150000, 39750000, 0, 0, 39750000, 1500000),
(6, 8, 34, 35000, 0, 35000, 13125000, -4347000, -2640000, -1183500, -40500, 100625000, 8385416.666666666, 92239583.33333333, 33327000, 2777250, 30549750, 17600000, 7900000, 300000, 7890000, 270000, 28980000, 49380000, 0, 0, 49380000, 2800000),
(5, 9, 33, 28000, 0, 28000, 8400000, -2898000, -1695000, -910500, -40500, 64400000, 5366666.666666666, 59033333.333333336, 22218000, 1851500, 20366500, 11300000, 6080000, 300000, 6070000, 270000, 19320000, 31820000, 0, 0, 31820000, 1200000),
(6, 9, 33, 35000, 0, 35000, 13125000, -4347000, -2640000, -1183500, -40500, 100625000, 8385416.666666666, 92239583.33333333, 33327000, 2777250, 30549750, 17600000, 7900000, 300000, 7890000, 270000, 28980000, 49380000, 0, 0, 49380000, 2800000),
(5, 9, 34, 35000, 0, 35000, 10500000, -3622500, -2115000, -1131000, -40500, 80500000, 6708333.333333334, 73791666.66666667, 27772500, 2314375, 25458125, 14100000, 7550000, 300000, 7540000, 270000, 24150000, 39750000, 0, 0, 39750000, 1500000),
(6, 9, 34, 35000, 0, 35000, 13125000, -4347000, -2640000, -1183500, -40500, 100625000, 8385416.666666666, 92239583.33333333, 33327000, 2777250, 30549750, 17600000, 7900000, 300000, 7890000, 270000, 28980000, 49380000, 0, 0, 49380000, 2800000),
(5, 10, 33, 16000, 0, 16000, 4800000, -1656000, -975000, -532500, -40500, 36800000, 3066666.6666666665, 33733333.333333336, 12696000, 1058000, 11638000, 6500000, 3560000, 300000, 3550000, 270000, 11040000, 18740000, 0, 0, 18740000, 1200000),
(6, 10, 33, 40000, 0, 40000, 15000000, -4968000, -3015000, -1348500, -40500, 115000000, 9583333.333333334, 105416666.66666667, 38088000, 3174000, 34914000, 20100000, 9000000, 300000, 8990000, 270000, 33120000, 56420000, 0, 0, 56420000, 3200000),
(5, 10, 34, 16000, 0, 16000, 4800000, -1656000, -975000, -532500, -40500, 36800000, 3066666.6666666665, 33733333.333333336, 12696000, 1058000, 11638000, 6500000, 3560000, 300000, 3550000, 270000, 11040000, 19040000, 0, 0, 19040000, 1500000),
(6, 10, 34, 40000, 0, 40000, 15000000, -4968000, -3015000, -1348500, -40500, 115000000, 9583333.333333334, 105416666.66666667, 38088000, 3174000, 34914000, 20100000, 9000000, 300000, 8990000, 270000, 33120000, 56420000, 0, 0, 56420000, 3200000);

-- --------------------------------------------------------

--
-- Estructura de tabla para la tabla `balance`
--

CREATE TABLE `balance` (
  `numeroPeriodo` int(11) NOT NULL,
  `IVAPorEnterar` double DEFAULT NULL,
  `imptosPorPagar` double DEFAULT NULL,
  `proveedores` double DEFAULT NULL,
  `PTUPorPagar` double DEFAULT NULL,
  `prestamosMenosAnio` double DEFAULT NULL,
  `prestamosMasAnio` double DEFAULT NULL,
  `cajaBancos` double DEFAULT NULL,
  `cuentasPorCobrar` double DEFAULT NULL,
  `IVAAcreditable` double DEFAULT NULL,
  `almacenArtTerm` double DEFAULT NULL,
  `almacenMateriales` double DEFAULT NULL,
  `terreno` double DEFAULT NULL,
  `edifInsta` double DEFAULT NULL,
  `maqEquipo` double DEFAULT NULL,
  `mueblesEnseres` double DEFAULT NULL,
  `pagosAnticipado` double DEFAULT NULL,
  `gastosAmortizacion` double DEFAULT NULL,
  `capitalSocial` double DEFAULT NULL,
  `reservaLegal` double DEFAULT NULL,
  `utilidadAcum` double DEFAULT NULL,
  `utilidadEjercicio` double DEFAULT '0',
  `depEdif` double DEFAULT NULL,
  `depMueblesEnseres` double DEFAULT NULL,
  `eqTrans` double DEFAULT NULL,
  `Proyectos_idProyecto` int(11) NOT NULL,
  `depTerreno` double DEFAULT NULL,
  `depMaqEquipo` double DEFAULT NULL,
  `depEqTrans` double DEFAULT NULL,
  `porAmortizar` double NOT NULL DEFAULT '0'
) ENGINE=InnoDB DEFAULT CHARSET=latin1;

--
-- Volcado de datos para la tabla `balance`
--

INSERT INTO `balance` (`numeroPeriodo`, `IVAPorEnterar`, `imptosPorPagar`, `proveedores`, `PTUPorPagar`, `prestamosMenosAnio`, `prestamosMasAnio`, `cajaBancos`, `cuentasPorCobrar`, `IVAAcreditable`, `almacenArtTerm`, `almacenMateriales`, `terreno`, `edifInsta`, `maqEquipo`, `mueblesEnseres`, `pagosAnticipado`, `gastosAmortizacion`, `capitalSocial`, `reservaLegal`, `utilidadAcum`, `utilidadEjercicio`, `depEdif`, `depMueblesEnseres`, `eqTrans`, `Proyectos_idProyecto`, `depTerreno`, `depMaqEquipo`, `depEqTrans`, `porAmortizar`) VALUES
(0, 0, 0, 0, 0, 0, 0, 2500000, 0, 0, 0, 0, 1000000, 2000000, 3000000, 500000, 0, 0, 10000000, 0, 0, 0, 0, 0, 1000000, 33, 0, 0, 0, 0),
(0, 0, 0, 0, 0, 0, 0, 2500000, 0, 0, 0, 0, 1000000, 2000000, 3000000, 500000, 0, 0, 10000000, 0, 0, 0, 0, 0, 1000000, 34, 0, 0, 0, 0),
(0, 0, 0, 0, 0, 0, 0, 2500000, 0, 0, 0, 0, 1000000, 2000000, 3000000, 500000, 0, 0, 10000000, 0, 0, 0, 0, 0, 1000000, 36, 0, 0, 0, 0),
(0, 0, 0, 0, 0, 0, 0, 2500000, 0, 0, 0, 0, 1000000, 2000000, 3000000, 500000, 0, 0, 10000000, 0, 0, 0, 0, 0, 1000000, 41, 0, 0, 0, 0),
(0, 0, 0, 0, 0, 0, 0, 2500000, 0, 0, 0, 0, 1000000, 2000000, 3000000, 500000, 0, 0, 10000000, 0, 0, 0, 0, 0, 1000000, 44, 0, 0, 0, 0),
(0, 0, 0, 0, 0, 0, 0, 2500000, 0, 0, 0, 0, 1000000, 2000000, 3000000, 500000, 0, 0, 10000000, 0, 0, 0, 0, 0, 1000000, 45, 0, 0, 0, 0),
(0, 0, 0, 0, 0, 0, 0, 2500000, 0, 0, 0, 0, 1000000, 2000000, 3000000, 500000, 0, 0, 10000000, 0, 0, 0, 0, 0, 1000000, 46, 0, 0, 0, 0),
(1, -142112.49999999997, 0, 1064612.5, 0, 0, 50000000, 28156000, 1897500, 0, 4132391.304347826, 0, 1000000, 2000000, 9000000, 500000, 0, 0, 10000000, 0, 0, -14176608.695652172, 15000, 15000, 1000000, 33, 0, 900000, 10000, -14176608.695652172),
(1, -142112.49999999997, 0, 1064612.5, 0, 10000000, 0, 156000, 1897500, 0, 4132391.304347826, 0, 1000000, 2000000, 9000000, 500000, 0, 0, 10000000, 0, 0, -2176608.695652172, 15000, 15000, 1000000, 34, 0, 900000, 10000, -2176608.695652172),
(1, 0, 0, 0, 0, 0, 0, 2500000, 0, 0, 0, 0, 1000000, 2000000, 3000000, 500000, 0, 0, 10000000, 0, 0, -300000, 0, 0, 1000000, 36, 0, 300000, 0, -300000),
(1, -133812.5, 0, 694312.5, 0, 0, 0, -8593250, 948750, 0, 5018000, 0, 1000000, 2000000, 7000000, 500000, 0, 0, 10000000, 0, 0, -2427000, 15000, 15000, 1000000, 41, 0, 700000, 10000, -2427000),
(1, -142112.49999999997, 0, 1064612.5, 0, 0, 50000000, 28156000, 1897500, 0, 4132391.304347826, 0, 1000000, 2000000, 9000000, 500000, 0, 0, 10000000, 0, 0, -14176608.695652172, 15000, 15000, 1000000, 44, 0, 900000, 10000, -14176608.695652172),
(1, -142112.49999999997, 0, 1064612.5, 0, 0, 50000000, 28156000, 1897500, 0, 4132391.304347826, 0, 1000000, 2000000, 9000000, 500000, 0, 0, 10000000, 0, 0, -14176608.695652172, 15000, 15000, 1000000, 45, 0, 900000, 10000, -14176608.695652172),
(1, 0, 0, 0, 0, 0, 10000000, 11300000, 0, 0, 0, 0, 1000000, 2000000, 3000000, 500000, 0, 0, 10000000, 0, 0, -1500000, 0, 0, 1000000, 46, 0, 300000, 0, -1500000),
(2, -43925, 0, 1758925, 0, 15000000, 25000000, 10654500, 4427500, 0, 825264.9140546006, 0, 1000000, 2000000, 15000000, 500000, 0, 0, 10000000, 0, -14176608.695652172, -4611126.390293226, 30000, 30000, 1000000, 33, 0, 2400000, 20000, -18787735.085945398),
(2, -43925, 0, 1758925, 0, 18000000, 0, 904500, 4427500, 0, 825264.9140546006, 0, 1000000, 2000000, 15000000, 500000, 0, 0, 10000000, 0, -2176608.695652172, -4361126.390293226, 30000, 30000, 1000000, 34, 0, 2400000, 20000, -6537735.085945398),
(2, -43925, 0, 1758925, 0, 15000000, 25000000, 10654500, 4427500, 0, 825264.9140546006, 0, 1000000, 2000000, 15000000, 500000, 0, 0, 10000000, 0, -14176608.695652172, -4611126.390293226, 30000, 30000, 1000000, 44, 0, 2400000, 20000, -18787735.085945398),
(2, -43925, 0, 1758925, 0, 15000000, 25000000, 10654500, 4427500, 0, 825264.9140546006, 0, 1000000, 2000000, 15000000, 500000, 0, 0, 10000000, 0, -14176608.695652172, -4611126.390293226, 30000, 30000, 1000000, 45, 0, 2400000, 20000, -18787735.085945398),
(2, -150000, 0, 0, 0, 0, 6025482, 4550000, 0, 0, 0, 0, 1000000, 2000000, 15000000, 500000, 0, 0, 20000000, 0, -1500000, -2125482, 0, 0, 1000000, 46, 0, 1800000, 0, -3625482),
(3, -27675, 0, 1758925, 0, 0, 32500000, 1273000, 4111249.9999999995, 0, 0, 0, 1000000, 2000000, 15000000, 500000, 0, 0, 10000000, 0, -18787735.085945398, -4579264.914054602, 45000, 45000, 1000000, 33, 0, 3900000, 30000, -23367000),
(3, -52675, 0, 1758925, 0, 25000000, 0, 398000, 4111249.9999999995, 0, 0, 0, 1000000, 2000000, 15000000, 500000, 0, 0, 10000000, 0, -6537735.085945398, -10179264.914054602, 45000, 45000, 1000000, 34, 0, 3900000, 30000, -16717000),
(3, -27675, 0, 1758925, 0, 0, 32500000, 1273000, 4111249.9999999995, 0, 0, 0, 1000000, 2000000, 15000000, 500000, 0, 0, 10000000, 0, -18787735.085945398, -4579264.914054602, 45000, 45000, 1000000, 44, 0, 3900000, 30000, -23367000),
(3, -27675, 0, 1758925, 0, 0, 32500000, 1273000, 4111249.9999999995, 0, 0, 0, 1000000, 2000000, 15000000, 500000, 0, 0, 10000000, 0, -18787735.085945398, -4579264.914054602, 45000, 45000, 1000000, 45, 0, 3900000, 30000, -23367000),
(3, -100000, 0, 0, 0, 0, 3116507, -6750000, 0, 0, 0, 0, 1000000, 2000000, 23000000, 500000, 0, 0, 20000000, 0, -3625482, -2741025, 0, 0, 1000000, 46, 0, 4100000, 0, -6366507),
(4, -76425, 0, 1758925, 0, 31000000, 14101927, 665666.6666666642, 4005833.3333333335, 0, 0, 0, 1000000, 2000000, 15000000, 500000, 0, 0, 10000000, 0, -23367000, -14805927, 60000, 60000, 1000000, 33, 0, 5400000, 40000, -38172927),
(4, -138925, 0, 1758925, 0, 41000000, 0, 303166.6666666642, 4005833.3333333335, 0, 0, 0, 1000000, 2000000, 15000000, 500000, 0, 0, 10000000, 0, -16717000, -17654000, 60000, 60000, 1000000, 34, 0, 5400000, 40000, -34371000),
(4, -76425, 0, 1758925, 0, 31000000, 14101927, 665666.6666666642, 4005833.3333333335, 0, 0, 0, 1000000, 2000000, 15000000, 500000, 0, 0, 10000000, 0, -23367000, -14805927, 60000, 60000, 1000000, 44, 0, 5400000, 40000, -38172927),
(4, -76425, 0, 1758925, 0, 31000000, 14101927, 665666.6666666642, 4005833.3333333335, 0, 0, 0, 1000000, 2000000, 15000000, 500000, 0, 0, 10000000, 0, -23367000, -14805927, 60000, 60000, 1000000, 45, 0, 5400000, 40000, -38172927),
(5, -89987.5, 0, 2916112.5, 0, 60000000, 7466027, 2999875, 7216250, 0, 3409285.714285714, 0, 1000000, 2000000, 27000000, 500000, 0, 0, 10000000, 0, -38172927, -5333814.285714284, 90000, 90000, 1000000, 33, 0, 8100000, 60000, -43506741.28571428),
(5, -20237.5, 0, 2916112.5, 53742.85714285672, 54000000, 0, 1166291.6666666716, 7599583.333333333, 0, 1136428.5714285714, 0, 1000000, 2000000, 27000000, 500000, 0, 0, 10000000, 0, -34371000, 483685.7142857105, 90000, 90000, 1000000, 34, 0, 8100000, 60000, -33833571.42857143),
(5, -127487.5, 0, 2916112.5, 0, 10000000, 7466027, 17462375, 7216250, 0, 3409285.714285714, 0, 1000000, 2000000, 27000000, 500000, 0, 0, 70000000, 0, -38172927, -833814.2857142836, 90000, 90000, 1000000, 44, 0, 8100000, 60000, -39006741.28571428),
(5, -164987.5, 0, 2916112.5, 0, 10000000, 7466027, -45575125, 7216250, 0, 3409285.714285714, 0, 1000000, 2000000, 27000000, 500000, 0, 0, 10000000, 0, -38172927, -3833814.2857142836, 90000, 90000, 1000000, 45, 0, 8100000, 60000, -42006741.28571428),
(6, 191500, 0, 2248250, 275674.12857142836, 60000000, 0, 897666.6666666716, 6852083.333333334, 0, 0, 0, 1000000, 2000000, 31000000, 500000, 0, 0, 10000000, 0, -43506741.28571428, 2481067.157142855, 135000, 135000, 1000000, 33, 0, 11200000, 90000, -40750000),
(6, 299000, 0, 3901375, 2356357.142857143, 43000000, 0, 732465.4761904925, 11404166.666666668, 0, 0, 0, 1000000, 2000000, 43000000, 500000, 0, 0, 10000000, 0, -33887314.28571429, 21207214.28571429, 135000, 135000, 1000000, 34, 0, 12400000, 90000, -10270000),
(7, 330275, 0, 4112975, 3085200, 45000000, 0, 2160825.871428579, 11988750, 0, 0, 0, 1000000, 2000000, 47000000, 500000, 0, 0, 10000000, 0, -41025674.12857143, 27766800, 180000, 180000, 1000000, 33, 0, 15900000, 120000, -9898000),
(7, 480275, 530740, 4112975, 2900200, 21000000, 0, 168260.0000000149, 11988750, 0, 0, 0, 1000000, 2000000, 47000000, 500000, 0, 0, 10000000, 0, -12680100, 19732920, 180000, 180000, 1000000, 34, 0, 17100000, 120000, 18732000),
(8, 544887.5, 945568.3333333334, 4767612.5, 4327100, 18000000, 0, 1355040.8714285642, 14068333.333333332, 0, 0, 0, 1000000, 2000000, 55000000, 500000, 0, 0, 10000000, 0, -13258874.128571428, 27597080, 225000, 225000, 1000000, 33, 0, 21400000, 150000, 33373000),
(8, 568637.5, 1313845.0000000002, 5230487.5, 4637100, 0, 0, 360650.0000000149, 15410000, 0, 0, 0, 1000000, 2000000, 58000000, 500000, 0, 0, 10000000, 0, 7052820, 25967760, 225000, 225000, 1000000, 34, 0, 22900000, 150000, 46371000),
(9, 647500, 1309566.6666666667, 4628750, 4622000, 0, 0, 15757139.204761878, 13752083.333333332, 0, 0, 0, 1000000, 2000000, 55000000, 500000, 0, 0, 10000000, 0, 14338205.871428572, 25883200, 255000, 255000, 1000000, 33, 0, 26900000, 170000, 46220000),
(9, 708750, 1439900, 5091625, 5082000, 0, 0, 35588305, 15093750, 0, 0, 0, 1000000, 2000000, 58000000, 500000, 0, 0, 10000000, 0, 33020580, 28459200, 255000, 255000, 1000000, 34, 0, 28700000, 170000, 50820000),
(10, 552000, 1195100.0000000002, 4232000, 4218000, 0, 0, 41449305.87142855, 12650000, 0, 0, 0, 1000000, 2000000, 59000000, 500000, 0, 0, 10000000, 0, 40221405.87142857, 23620800, 285000, 285000, 1000000, 33, 0, 32800000, 190000, 42180000),
(10, 552000, 1186600.0000000002, 4232000, 4188000, 0, 0, 61601180, 12650000, 0, 0, 0, 1000000, 2000000, 62000000, 500000, 0, 0, 10000000, 0, 61479780, 23452800, 285000, 285000, 1000000, 34, 0, 34900000, 190000, 41880000);

-- --------------------------------------------------------

--
-- Estructura de tabla para la tabla `credito`
--

CREATE TABLE `credito` (
  `idCredito` int(11) NOT NULL,
  `nombreCredito` varchar(45) DEFAULT NULL,
  `montoMin` int(11) DEFAULT NULL,
  `montoMax` int(11) NOT NULL,
  `pago` varchar(100) DEFAULT NULL,
  `pagoAnticipado` double NOT NULL DEFAULT '1',
  `plazo` int(11) NOT NULL DEFAULT '1',
  `tipo` int(11) NOT NULL DEFAULT '1'
) ENGINE=InnoDB DEFAULT CHARSET=latin1;

--
-- Volcado de datos para la tabla `credito`
--

INSERT INTO `credito` (`idCredito`, `nombreCredito`, `montoMin`, `montoMax`, `pago`, `pagoAnticipado`, `plazo`, `tipo`) VALUES
(1, '3MS', 5000000, 20000000, 'Tres pagos anuales equivalentes al 42%', 1, 3, 2),
(2, 'MC', 2000000, 20000000, 'Intereses al inicio por el 20%, 2 pagos anuales del 50%', 20, 2, 1),
(3, 'MCLP', 2000000, 50000000, 'Pago anticipado del 24%, primer pago del 50%, segundo pago del 25%, tercer pago del 25%', 24, 3, 1),
(4, 'MSCP', 2000000, 60000000, 'Pago anticipado del 15%, primer pago del 100%', 15, 1, 1),
(5, 'Revolvente', 1000000, 60000000, '1 año', 10, 1, 1),
(6, 'Revolvente 2', 10000000, 70000000, 'Intereses al final del periodo', 0, 1, 2),
(7, 'Revolvente 3', 10000000, 70000000, 'Pago de interés al final del periodo', 1, 1, 2);

-- --------------------------------------------------------

--
-- Estructura de tabla para la tabla `creditoactivo`
--

CREATE TABLE `creditoactivo` (
  `idCredito` int(11) NOT NULL,
  `idProyecto` int(11) NOT NULL,
  `numeroPeriodo` int(11) NOT NULL,
  `plazo` int(11) NOT NULL
) ENGINE=InnoDB DEFAULT CHARSET=latin1;

--
-- Volcado de datos para la tabla `creditoactivo`
--

INSERT INTO `creditoactivo` (`idCredito`, `idProyecto`, `numeroPeriodo`, `plazo`) VALUES
(1, 33, 3, 3),
(1, 33, 4, 2),
(1, 33, 5, 1),
(1, 33, 6, 0),
(1, 44, 3, 3),
(1, 44, 4, 2),
(1, 44, 5, 1),
(1, 45, 3, 3),
(1, 45, 4, 2),
(1, 45, 5, 1),
(1, 46, 1, 3),
(1, 46, 2, 2),
(1, 46, 3, 1),
(3, 33, 1, 3),
(3, 33, 2, 2),
(3, 33, 3, 1),
(3, 33, 4, 0),
(3, 44, 1, 3),
(3, 44, 2, 2),
(3, 44, 3, 1),
(3, 44, 4, 0),
(3, 45, 1, 3),
(3, 45, 2, 2),
(3, 45, 3, 1),
(3, 45, 4, 0),
(3, 46, 1, 3),
(3, 46, 2, 2),
(3, 46, 3, 1),
(4, 33, 2, 1),
(4, 33, 3, 0),
(4, 33, 4, 1),
(4, 33, 5, 0),
(4, 33, 5, 1),
(4, 33, 6, 0),
(4, 33, 6, 1),
(4, 33, 7, 0),
(4, 33, 7, 1),
(4, 33, 8, 0),
(4, 33, 8, 1),
(4, 33, 9, 0),
(4, 44, 2, 1),
(4, 44, 3, 0),
(4, 44, 4, 1),
(4, 44, 5, 0),
(4, 44, 5, 1),
(4, 45, 2, 1),
(4, 45, 3, 0),
(4, 45, 4, 1),
(4, 45, 5, 0),
(4, 45, 5, 1),
(6, 34, 1, 1),
(6, 34, 2, 0),
(6, 34, 2, 1),
(6, 34, 3, 0),
(6, 34, 3, 1),
(6, 34, 4, 0),
(6, 34, 4, 1),
(6, 34, 5, 0),
(6, 34, 5, 1),
(6, 34, 6, 0),
(6, 34, 6, 1),
(6, 34, 7, 0),
(6, 34, 7, 1),
(6, 34, 8, 0);

-- --------------------------------------------------------

--
-- Estructura de tabla para la tabla `creditobalance`
--

CREATE TABLE `creditobalance` (
  `credito_idCredito` int(11) NOT NULL,
  `Proyectos_idProyecto` int(11) NOT NULL,
  `numeroPeriodo` int(11) NOT NULL,
  `monto` double NOT NULL,
  `anticipo` double NOT NULL DEFAULT '0'
) ENGINE=InnoDB DEFAULT CHARSET=utf8;

--
-- Volcado de datos para la tabla `creditobalance`
--

INSERT INTO `creditobalance` (`credito_idCredito`, `Proyectos_idProyecto`, `numeroPeriodo`, `monto`, `anticipo`) VALUES
(1, 46, 1, 5000000, 0),
(1, 33, 3, 20000000, 0),
(1, 44, 3, 20000000, 0),
(1, 45, 3, 20000000, 0),
(3, 33, 1, 50000000, 12000000),
(3, 44, 1, 50000000, 12000000),
(3, 45, 1, 50000000, 12000000),
(3, 46, 1, 5000000, 1200000),
(4, 33, 2, 15000000, 2250000),
(4, 44, 2, 15000000, 2250000),
(4, 45, 2, 15000000, 2250000),
(4, 33, 4, 31000000, 4650000),
(4, 44, 4, 31000000, 4650000),
(4, 45, 4, 31000000, 4650000),
(4, 33, 5, 60000000, 9000000),
(4, 44, 5, 10000000, 1500000),
(4, 45, 5, 10000000, 1500000),
(4, 33, 6, 60000000, 9000000),
(4, 33, 7, 45000000, 6750000),
(4, 33, 8, 18000000, 2700000),
(6, 34, 1, 10000000, 0),
(6, 34, 2, 18000000, 0),
(6, 34, 3, 25000000, 0),
(6, 34, 4, 41000000, 0),
(6, 34, 5, 54000000, 0),
(6, 34, 6, 43000000, 0),
(6, 34, 7, 21000000, 0);

-- --------------------------------------------------------

--
-- Estructura de tabla para la tabla `demanda`
--

CREATE TABLE `demanda` (
  `numPeriodo` int(11) NOT NULL DEFAULT '0',
  `cantidad` int(11) DEFAULT '0',
  `Zona_idZonas` int(11) NOT NULL,
  `Producto_idProducto` int(11) NOT NULL
) ENGINE=InnoDB DEFAULT CHARSET=latin1;

--
-- Volcado de datos para la tabla `demanda`
--

INSERT INTO `demanda` (`numPeriodo`, `cantidad`, `Zona_idZonas`, `Producto_idProducto`) VALUES
(1, 18000, 84, 4),
(1, 0, 84, 5),
(1, 0, 84, 6),
(1, 6000, 87, 4),
(1, 0, 87, 5),
(1, 0, 87, 6),
(1, 16000, 88, 4),
(1, 0, 88, 5),
(1, 0, 88, 6),
(2, 16000, 84, 4),
(2, 2000, 84, 5),
(2, 0, 84, 6),
(2, 8000, 87, 4),
(2, 0, 87, 5),
(2, 0, 87, 6),
(2, 18000, 88, 4),
(2, 0, 88, 5),
(2, 0, 88, 6),
(3, 13000, 84, 4),
(3, 8000, 84, 5),
(3, 0, 84, 6),
(3, 10000, 87, 4),
(3, 4000, 87, 5),
(3, 0, 87, 6),
(3, 26000, 88, 4),
(3, 2000, 88, 5),
(3, 0, 88, 6),
(4, 10000, 84, 4),
(4, 9000, 84, 5),
(4, 0, 84, 6),
(4, 14000, 87, 4),
(4, 8000, 87, 5),
(4, 0, 87, 6),
(4, 22000, 88, 4),
(4, 5000, 88, 5),
(4, 0, 88, 6),
(5, 6000, 84, 4),
(5, 15000, 84, 5),
(5, 0, 84, 6),
(5, 11000, 87, 4),
(5, 10000, 87, 5),
(5, 0, 87, 6),
(5, 6000, 88, 4),
(5, 8000, 88, 5),
(5, 0, 88, 6),
(6, 2000, 84, 4),
(6, 12000, 84, 5),
(6, 15000, 84, 6),
(6, 8000, 87, 4),
(6, 12000, 87, 5),
(6, 2000, 87, 6),
(6, 0, 88, 4),
(6, 6000, 88, 5),
(6, 4000, 88, 6),
(7, 0, 84, 4),
(7, 10000, 84, 5),
(7, 16000, 84, 6),
(7, 6000, 87, 4),
(7, 14000, 87, 5),
(7, 5000, 87, 6),
(7, 0, 88, 4),
(7, 10000, 88, 5),
(7, 6000, 88, 6),
(8, 0, 84, 4),
(8, 8000, 84, 5),
(8, 20000, 84, 6),
(8, 3000, 87, 4),
(8, 20000, 87, 5),
(8, 5000, 87, 6),
(8, 0, 88, 4),
(8, 15000, 88, 5),
(8, 10000, 88, 6),
(9, 0, 84, 4),
(9, 6000, 84, 5),
(9, 20000, 84, 6),
(9, 0, 87, 4),
(9, 20000, 87, 5),
(9, 8000, 87, 6),
(9, 0, 88, 4),
(9, 10000, 88, 5),
(9, 12000, 88, 6),
(10, 6000, 84, 5),
(10, 23000, 84, 6),
(10, 0, 87, 4),
(10, 2000, 87, 5),
(10, 16000, 87, 6),
(10, 0, 88, 4),
(10, 8000, 88, 5),
(10, 16000, 88, 6),
(11, 20000, 88, 6);

-- --------------------------------------------------------

--
-- Estructura de tabla para la tabla `encabezado`
--

CREATE TABLE `encabezado` (
  `idEncabezado` int(11) NOT NULL,
  `nombre` varchar(20) DEFAULT NULL,
  `alias` varchar(20) DEFAULT NULL,
  `Proyecto_idProyecto` int(11) NOT NULL,
  `Proyecto_Usuario_idUsuario` int(11) NOT NULL
) ENGINE=InnoDB DEFAULT CHARSET=latin1;

-- --------------------------------------------------------

--
-- Estructura de tabla para la tabla `maquinaria`
--

CREATE TABLE `maquinaria` (
  `idMaquinaria` int(11) NOT NULL,
  `nombreMaq` varchar(20) DEFAULT NULL,
  `costo` double DEFAULT NULL,
  `cantidadProd` double DEFAULT NULL,
  `depAcum` double DEFAULT NULL,
  `imgMaq` varchar(50) DEFAULT NULL,
  `Producto_idProducto` int(11) NOT NULL
) ENGINE=InnoDB DEFAULT CHARSET=latin1;

--
-- Volcado de datos para la tabla `maquinaria`
--

INSERT INTO `maquinaria` (`idMaquinaria`, `nombreMaq`, `costo`, `cantidadProd`, `depAcum`, `imgMaq`, `Producto_idProducto`) VALUES
(1, 'MaqX', 2000000, 5000, 10, NULL, 4),
(2, 'MaqY2', 3000000, 7000, 10, NULL, 5),
(3, 'MaqZ1', 3000000, 3000, 10, NULL, 6),
(6, 'MaqY1', 2500000, 5000, 10, NULL, 5),
(7, 'MaqZ2', 4000000, 5000, 10, NULL, 6),
(8, 'Maq1', 1500000, 4000, 10, NULL, 4);

-- --------------------------------------------------------

--
-- Estructura de tabla para la tabla `maquinariaproyecto`
--

CREATE TABLE `maquinariaproyecto` (
  `Balance_numeroPeriodo` int(11) NOT NULL,
  `Maquinaria_idMaquinaria` int(11) NOT NULL,
  `Maquinaria_idProducto` int(11) NOT NULL,
  `Proyectos_idProyecto` int(11) NOT NULL,
  `Cantidad` int(11) NOT NULL DEFAULT '1'
) ENGINE=InnoDB DEFAULT CHARSET=latin1;

--
-- Volcado de datos para la tabla `maquinariaproyecto`
--

INSERT INTO `maquinariaproyecto` (`Balance_numeroPeriodo`, `Maquinaria_idMaquinaria`, `Maquinaria_idProducto`, `Proyectos_idProyecto`, `Cantidad`) VALUES
(1, 1, 4, 33, 3),
(2, 1, 4, 33, 3),
(1, 1, 4, 34, 3),
(2, 1, 4, 34, 3),
(1, 1, 4, 36, 3),
(1, 1, 4, 41, 2),
(1, 1, 4, 44, 3),
(2, 1, 4, 44, 3),
(1, 1, 4, 45, 3),
(2, 1, 4, 45, 3),
(5, 2, 5, 33, 4),
(5, 2, 5, 34, 4),
(8, 2, 5, 34, 1),
(5, 2, 5, 44, 4),
(5, 2, 5, 45, 4),
(6, 7, 6, 33, 1),
(7, 7, 6, 33, 4),
(8, 7, 6, 33, 2),
(10, 7, 6, 33, 1),
(6, 7, 6, 34, 4),
(7, 7, 6, 34, 1),
(8, 7, 6, 34, 2),
(10, 7, 6, 34, 1),
(2, 7, 6, 46, 3),
(3, 7, 6, 46, 2),
(0, 8, 4, 33, 2),
(0, 8, 4, 34, 2),
(0, 8, 4, 36, 2),
(0, 8, 4, 41, 2),
(0, 8, 4, 44, 2),
(0, 8, 4, 45, 2),
(0, 8, 4, 46, 2);

-- --------------------------------------------------------

--
-- Estructura de tabla para la tabla `operacion`
--

CREATE TABLE `operacion` (
  `Producto_idProducto` int(11) NOT NULL,
  `Zona_idZonas` int(11) NOT NULL,
  `Proyecto_idProyecto` int(11) NOT NULL,
  `Usuario_idUsuario` int(11) NOT NULL,
  `numeroPeriodo` int(11) NOT NULL,
  `unidadesVendidas` int(11) DEFAULT '0'
) ENGINE=InnoDB DEFAULT CHARSET=latin1;

--
-- Volcado de datos para la tabla `operacion`
--

INSERT INTO `operacion` (`Producto_idProducto`, `Zona_idZonas`, `Proyecto_idProyecto`, `Usuario_idUsuario`, `numeroPeriodo`, `unidadesVendidas`) VALUES
(4, 84, 33, 39, 1, 18000),
(4, 84, 33, 39, 2, 16000),
(4, 84, 33, 39, 3, 13000),
(4, 84, 33, 39, 4, 10000),
(4, 84, 33, 39, 5, 6000),
(4, 84, 33, 39, 6, 2000),
(4, 84, 34, 39, 1, 18000),
(4, 84, 34, 39, 2, 16000),
(4, 84, 34, 39, 3, 13000),
(4, 84, 34, 39, 4, 10000),
(4, 84, 34, 39, 5, 6000),
(4, 84, 34, 39, 6, 2000),
(4, 84, 41, 39, 1, 9000),
(4, 84, 44, 42, 1, 18000),
(4, 84, 44, 42, 2, 16000),
(4, 84, 44, 42, 3, 13000),
(4, 84, 44, 42, 4, 10000),
(4, 84, 44, 42, 5, 6000),
(4, 84, 45, 42, 1, 18000),
(4, 84, 45, 42, 2, 16000),
(4, 84, 45, 42, 3, 13000),
(4, 84, 45, 42, 4, 10000),
(4, 84, 45, 42, 5, 6000),
(4, 87, 33, 39, 2, 8000),
(4, 87, 33, 39, 3, 1000),
(4, 87, 33, 39, 4, 6000),
(4, 87, 33, 39, 5, 11000),
(4, 87, 33, 39, 6, 8000),
(4, 87, 33, 39, 7, 6000),
(4, 87, 33, 39, 8, 3000),
(4, 87, 34, 39, 2, 8000),
(4, 87, 34, 39, 3, 1000),
(4, 87, 34, 39, 4, 6000),
(4, 87, 34, 39, 5, 11000),
(4, 87, 34, 39, 6, 8000),
(4, 87, 34, 39, 7, 6000),
(4, 87, 34, 39, 8, 3000),
(4, 87, 44, 42, 2, 8000),
(4, 87, 44, 42, 3, 1000),
(4, 87, 44, 42, 4, 6000),
(4, 87, 44, 42, 5, 11000),
(4, 87, 45, 42, 2, 8000),
(4, 87, 45, 42, 3, 1000),
(4, 87, 45, 42, 4, 6000),
(4, 87, 45, 42, 5, 11000),
(4, 88, 33, 39, 2, 18000),
(4, 88, 33, 39, 3, 25000),
(4, 88, 33, 39, 4, 22000),
(4, 88, 33, 39, 5, 6000),
(4, 88, 34, 39, 2, 18000),
(4, 88, 34, 39, 3, 25000),
(4, 88, 34, 39, 4, 22000),
(4, 88, 34, 39, 5, 6000),
(4, 88, 44, 42, 2, 18000),
(4, 88, 44, 42, 3, 25000),
(4, 88, 44, 42, 4, 22000),
(4, 88, 44, 42, 5, 6000),
(4, 88, 45, 42, 2, 18000),
(4, 88, 45, 42, 3, 25000),
(4, 88, 45, 42, 4, 22000),
(4, 88, 45, 42, 5, 6000),
(5, 84, 33, 39, 5, 15000),
(5, 84, 33, 39, 6, 12000),
(5, 84, 33, 39, 7, 10000),
(5, 84, 33, 39, 8, 8000),
(5, 84, 33, 39, 9, 6000),
(5, 84, 33, 39, 10, 6000),
(5, 84, 34, 39, 5, 15000),
(5, 84, 34, 39, 6, 12000),
(5, 84, 34, 39, 7, 10000),
(5, 84, 34, 39, 8, 8000),
(5, 84, 34, 39, 9, 6000),
(5, 84, 34, 39, 10, 6000),
(5, 84, 44, 42, 5, 15000),
(5, 84, 45, 42, 5, 15000),
(5, 87, 33, 39, 5, 10000),
(5, 87, 33, 39, 6, 12000),
(5, 87, 33, 39, 7, 14000),
(5, 87, 33, 39, 8, 20000),
(5, 87, 33, 39, 9, 20000),
(5, 87, 33, 39, 10, 2000),
(5, 87, 34, 39, 5, 10000),
(5, 87, 34, 39, 6, 12000),
(5, 87, 34, 39, 7, 14000),
(5, 87, 34, 39, 8, 20000),
(5, 87, 34, 39, 9, 20000),
(5, 87, 34, 39, 10, 2000),
(5, 87, 44, 42, 5, 10000),
(5, 87, 45, 42, 5, 10000),
(5, 88, 33, 39, 7, 4000),
(5, 88, 33, 39, 9, 2000),
(5, 88, 33, 39, 10, 8000),
(5, 88, 34, 39, 5, 2000),
(5, 88, 34, 39, 6, 5000),
(5, 88, 34, 39, 7, 4000),
(5, 88, 34, 39, 8, 7000),
(5, 88, 34, 39, 9, 9000),
(5, 88, 34, 39, 10, 8000),
(6, 84, 33, 39, 7, 16000),
(6, 84, 33, 39, 8, 20000),
(6, 84, 33, 39, 9, 20000),
(6, 84, 33, 39, 10, 20000),
(6, 84, 34, 39, 6, 15000),
(6, 84, 34, 39, 7, 16000),
(6, 84, 34, 39, 8, 20000),
(6, 84, 34, 39, 9, 20000),
(6, 84, 34, 39, 10, 20000),
(6, 87, 33, 39, 6, 1000),
(6, 87, 33, 39, 7, 5000),
(6, 87, 33, 39, 8, 5000),
(6, 87, 33, 39, 9, 8000),
(6, 87, 33, 39, 10, 10000),
(6, 87, 34, 39, 6, 2000),
(6, 87, 34, 39, 7, 5000),
(6, 87, 34, 39, 8, 5000),
(6, 87, 34, 39, 9, 8000),
(6, 87, 34, 39, 10, 10000),
(6, 88, 33, 39, 6, 4000),
(6, 88, 33, 39, 7, 4000),
(6, 88, 33, 39, 8, 10000),
(6, 88, 33, 39, 9, 7000),
(6, 88, 33, 39, 10, 10000),
(6, 88, 34, 39, 6, 3000),
(6, 88, 34, 39, 7, 4000),
(6, 88, 34, 39, 8, 10000),
(6, 88, 34, 39, 9, 7000),
(6, 88, 34, 39, 10, 10000);

-- --------------------------------------------------------

--
-- Estructura de tabla para la tabla `pagocredito`
--

CREATE TABLE `pagocredito` (
  `idPagoCredito` int(11) NOT NULL,
  `idCredito` int(11) NOT NULL,
  `pagosCredito` double NOT NULL
) ENGINE=InnoDB DEFAULT CHARSET=utf8;

--
-- Volcado de datos para la tabla `pagocredito`
--

INSERT INTO `pagocredito` (`idPagoCredito`, `idCredito`, `pagosCredito`) VALUES
(1, 1, 42),
(11, 1, 42),
(21, 1, 42),
(31, 2, 50),
(41, 2, 50),
(51, 3, 50),
(61, 3, 25),
(71, 3, 25),
(81, 4, 100),
(82, 5, 100),
(83, 6, 120),
(84, 7, 120);

-- --------------------------------------------------------

--
-- Estructura de tabla para la tabla `producto`
--

CREATE TABLE `producto` (
  `idProducto` int(11) NOT NULL,
  `nombreProd` varchar(20) DEFAULT NULL,
  `costoDes` double DEFAULT NULL,
  `tiempoDes` int(11) DEFAULT NULL,
  `precioVenta` double DEFAULT NULL,
  `costosFijosFabri` double DEFAULT NULL,
  `costoVarUniFabri` double DEFAULT NULL,
  `gastosFijosDist` double DEFAULT '0',
  `depDistribucion` double DEFAULT '0',
  `costoVarUniDist` double DEFAULT NULL,
  `gastosFijosAdmon` double DEFAULT NULL,
  `depAdmon` double DEFAULT '0',
  `costosMPPUniProd` double DEFAULT NULL,
  `uniMP` int(11) DEFAULT NULL,
  `costoUni` double DEFAULT NULL,
  `color` varchar(10) DEFAULT '0f00'
) ENGINE=InnoDB DEFAULT CHARSET=latin1;

--
-- Volcado de datos para la tabla `producto`
--

INSERT INTO `producto` (`idProducto`, `nombreProd`, `costoDes`, `tiempoDes`, `precioVenta`, `costosFijosFabri`, `costoVarUniFabri`, `gastosFijosDist`, `depDistribucion`, `costoVarUniDist`, `gastosFijosAdmon`, `depAdmon`, `costosMPPUniProd`, `uniMP`, `costoUni`, `color`) VALUES
(4, 'ProductoX', 2000000, 2, 1100, 100000, 300, 200000, 10000, 200, 300000, 30000, 483, 7, 69, '#11e711'),
(5, 'ProductoY', 2000000, 2, 2000, 100000, 400, 200000, 10000, 210, 300000, 30000, 690, 10, 69, '#d30b20'),
(6, 'ProductoZ', 3000000, 2, 2500, 100000, 500, 200000, 10000, 220, 300000, 30000, 828, 12, 69, '#0736eb');

-- --------------------------------------------------------

--
-- Estructura de tabla para la tabla `productozona`
--

CREATE TABLE `productozona` (
  `Zona_idZona` int(11) NOT NULL,
  `Producto_idProducto` int(11) NOT NULL,
  `costoDes` double DEFAULT NULL,
  `tiempoDes` int(11) DEFAULT NULL
) ENGINE=InnoDB DEFAULT CHARSET=latin1;

--
-- Volcado de datos para la tabla `productozona`
--

INSERT INTO `productozona` (`Zona_idZona`, `Producto_idProducto`, `costoDes`, `tiempoDes`) VALUES
(84, 4, 200000, 2),
(84, 5, 2000000, 2),
(84, 6, 3000000, 2),
(87, 4, 500000, 1),
(87, 5, 2000000, 2),
(87, 6, 3000000, 2),
(88, 4, 500000, 1),
(88, 5, 2000000, 2),
(88, 6, 3000000, 2);

-- --------------------------------------------------------

--
-- Estructura de tabla para la tabla `productozonaproyecto`
--

CREATE TABLE `productozonaproyecto` (
  `Producto_idProducto` int(11) NOT NULL,
  `Zona_idZonas` int(11) NOT NULL,
  `Proyecto_idProyecto` int(11) NOT NULL,
  `Proyecto_Usuario_idUsuario` int(11) NOT NULL,
  `numeroPeriodo` int(11) NOT NULL DEFAULT '0',
  `desarrollado` int(11) NOT NULL DEFAULT '1',
  `periodoInicio` int(11) NOT NULL DEFAULT '0',
  `periodosDes` int(11) NOT NULL DEFAULT '1'
) ENGINE=InnoDB DEFAULT CHARSET=latin1;

--
-- Volcado de datos para la tabla `productozonaproyecto`
--

INSERT INTO `productozonaproyecto` (`Producto_idProducto`, `Zona_idZonas`, `Proyecto_idProyecto`, `Proyecto_Usuario_idUsuario`, `numeroPeriodo`, `desarrollado`, `periodoInicio`, `periodosDes`) VALUES
(4, 84, 33, 39, 0, 2, 0, 0),
(4, 84, 34, 39, 0, 2, 0, 0),
(4, 84, 36, 39, 0, 2, 0, 0),
(4, 84, 41, 39, 0, 2, 0, 0),
(4, 84, 44, 42, 0, 2, 0, 0),
(4, 84, 45, 42, 0, 2, 0, 0),
(4, 84, 46, 1, 0, 2, 0, 0),
(4, 87, 33, 39, 0, 0, 0, 0),
(4, 87, 33, 39, 1, 1, 1, 1),
(4, 87, 33, 39, 2, 2, 1, 1),
(4, 87, 34, 39, 0, 0, 0, 0),
(4, 87, 34, 39, 1, 1, 1, 1),
(4, 87, 34, 39, 2, 2, 1, 1),
(4, 87, 36, 39, 0, 0, 0, 0),
(4, 87, 41, 39, 0, 0, 0, 0),
(4, 87, 44, 42, 0, 0, 0, 0),
(4, 87, 44, 42, 1, 1, 1, 1),
(4, 87, 44, 42, 2, 2, 1, 1),
(4, 87, 45, 42, 0, 0, 0, 0),
(4, 87, 45, 42, 1, 1, 1, 1),
(4, 87, 45, 42, 2, 2, 1, 1),
(4, 87, 46, 1, 0, 0, 0, 0),
(4, 88, 33, 39, 0, 0, 0, 0),
(4, 88, 33, 39, 1, 1, 1, 1),
(4, 88, 33, 39, 2, 2, 1, 1),
(4, 88, 34, 39, 0, 0, 0, 0),
(4, 88, 34, 39, 1, 1, 1, 1),
(4, 88, 34, 39, 2, 2, 1, 1),
(4, 88, 36, 39, 0, 0, 0, 0),
(4, 88, 41, 39, 0, 0, 0, 0),
(4, 88, 41, 39, 1, 1, 1, 1),
(4, 88, 44, 42, 0, 0, 0, 0),
(4, 88, 44, 42, 1, 1, 1, 1),
(4, 88, 44, 42, 2, 2, 1, 1),
(4, 88, 45, 42, 0, 0, 0, 0),
(4, 88, 45, 42, 1, 1, 1, 1),
(4, 88, 45, 42, 2, 2, 1, 1),
(4, 88, 46, 1, 0, 0, 0, 0),
(5, 84, 33, 39, 0, 0, 0, 0),
(5, 84, 33, 39, 3, 1, 3, 1),
(5, 84, 33, 39, 4, 1, 3, 2),
(5, 84, 33, 39, 5, 2, 3, 2),
(5, 84, 34, 39, 0, 0, 0, 0),
(5, 84, 34, 39, 3, 1, 3, 1),
(5, 84, 34, 39, 4, 1, 3, 2),
(5, 84, 34, 39, 5, 2, 3, 2),
(5, 84, 36, 39, 0, 0, 0, 0),
(5, 84, 41, 39, 0, 0, 0, 0),
(5, 84, 44, 42, 0, 0, 0, 0),
(5, 84, 44, 42, 3, 1, 3, 1),
(5, 84, 44, 42, 4, 1, 3, 2),
(5, 84, 44, 42, 5, 2, 3, 2),
(5, 84, 45, 42, 0, 0, 0, 0),
(5, 84, 45, 42, 3, 1, 3, 1),
(5, 84, 45, 42, 4, 1, 3, 2),
(5, 84, 45, 42, 5, 2, 3, 2),
(5, 84, 46, 1, 0, 0, 0, 0),
(5, 87, 33, 39, 0, 0, 0, 0),
(5, 87, 33, 39, 3, 1, 3, 1),
(5, 87, 33, 39, 4, 1, 3, 2),
(5, 87, 33, 39, 5, 2, 3, 2),
(5, 87, 34, 39, 0, 0, 0, 0),
(5, 87, 34, 39, 3, 1, 3, 1),
(5, 87, 34, 39, 4, 1, 3, 2),
(5, 87, 34, 39, 5, 2, 3, 2),
(5, 87, 36, 39, 0, 0, 0, 0),
(5, 87, 41, 39, 0, 0, 0, 0),
(5, 87, 44, 42, 0, 0, 0, 0),
(5, 87, 44, 42, 3, 1, 3, 1),
(5, 87, 44, 42, 4, 1, 3, 2),
(5, 87, 44, 42, 5, 2, 3, 2),
(5, 87, 45, 42, 0, 0, 0, 0),
(5, 87, 45, 42, 3, 1, 3, 1),
(5, 87, 45, 42, 4, 1, 3, 2),
(5, 87, 45, 42, 5, 2, 3, 2),
(5, 87, 46, 1, 0, 0, 0, 0),
(5, 88, 33, 39, 0, 0, 0, 0),
(5, 88, 33, 39, 5, 1, 5, 1),
(5, 88, 33, 39, 6, 1, 5, 2),
(5, 88, 33, 39, 7, 2, 5, 2),
(5, 88, 34, 39, 0, 0, 0, 0),
(5, 88, 34, 39, 3, 1, 3, 1),
(5, 88, 34, 39, 4, 1, 3, 2),
(5, 88, 34, 39, 5, 2, 3, 2),
(5, 88, 36, 39, 0, 0, 0, 0),
(5, 88, 41, 39, 0, 0, 0, 0),
(5, 88, 44, 42, 0, 0, 0, 0),
(5, 88, 44, 42, 5, 1, 5, 1),
(5, 88, 45, 42, 0, 0, 0, 0),
(5, 88, 45, 42, 5, 1, 5, 1),
(5, 88, 46, 1, 0, 0, 0, 0),
(6, 84, 33, 39, 0, 0, 0, 0),
(6, 84, 33, 39, 5, 1, 5, 1),
(6, 84, 33, 39, 6, 1, 5, 2),
(6, 84, 33, 39, 7, 2, 5, 2),
(6, 84, 34, 39, 0, 0, 0, 0),
(6, 84, 34, 39, 4, 1, 4, 1),
(6, 84, 34, 39, 5, 1, 4, 2),
(6, 84, 34, 39, 6, 2, 4, 2),
(6, 84, 36, 39, 0, 0, 0, 0),
(6, 84, 41, 39, 0, 0, 0, 0),
(6, 84, 44, 42, 0, 0, 0, 0),
(6, 84, 44, 42, 5, 1, 5, 1),
(6, 84, 45, 42, 0, 0, 0, 0),
(6, 84, 45, 42, 5, 1, 5, 1),
(6, 84, 46, 1, 0, 0, 0, 0),
(6, 87, 33, 39, 0, 0, 0, 0),
(6, 87, 33, 39, 4, 1, 4, 1),
(6, 87, 33, 39, 5, 1, 4, 2),
(6, 87, 33, 39, 6, 2, 4, 2),
(6, 87, 34, 39, 0, 0, 0, 0),
(6, 87, 34, 39, 4, 1, 4, 1),
(6, 87, 34, 39, 5, 1, 4, 2),
(6, 87, 34, 39, 6, 2, 4, 2),
(6, 87, 36, 39, 0, 0, 0, 0),
(6, 87, 41, 39, 0, 0, 0, 0),
(6, 87, 44, 42, 0, 0, 0, 0),
(6, 87, 44, 42, 4, 1, 4, 1),
(6, 87, 44, 42, 5, 1, 4, 2),
(6, 87, 45, 42, 0, 0, 0, 0),
(6, 87, 45, 42, 4, 1, 4, 1),
(6, 87, 45, 42, 5, 1, 4, 2),
(6, 87, 46, 1, 0, 0, 0, 0),
(6, 88, 33, 39, 0, 0, 0, 0),
(6, 88, 33, 39, 4, 1, 4, 1),
(6, 88, 33, 39, 5, 1, 4, 2),
(6, 88, 33, 39, 6, 2, 4, 2),
(6, 88, 34, 39, 0, 0, 0, 0),
(6, 88, 34, 39, 4, 1, 4, 1),
(6, 88, 34, 39, 5, 1, 4, 2),
(6, 88, 34, 39, 6, 2, 4, 2),
(6, 88, 36, 39, 0, 0, 0, 0),
(6, 88, 41, 39, 0, 0, 0, 0),
(6, 88, 44, 42, 0, 0, 0, 0),
(6, 88, 44, 42, 4, 1, 4, 1),
(6, 88, 44, 42, 5, 1, 4, 2),
(6, 88, 45, 42, 0, 0, 0, 0),
(6, 88, 45, 42, 4, 1, 4, 1),
(6, 88, 45, 42, 5, 1, 4, 2),
(6, 88, 46, 1, 0, 0, 0, 0);

-- --------------------------------------------------------

--
-- Estructura de tabla para la tabla `proyecto`
--

CREATE TABLE `proyecto` (
  `idProyecto` int(11) NOT NULL,
  `nombreProyecto` varchar(45) DEFAULT NULL,
  `fechaCreacion` varchar(20) DEFAULT NULL,
  `Usuario_idUsuario` int(11) NOT NULL,
  `numProyecto` int(2) DEFAULT NULL,
  `cantMaxRes` double DEFAULT NULL,
  `cantMinRes` double DEFAULT NULL,
  `terminado` int(11) NOT NULL DEFAULT '0'
) ENGINE=InnoDB DEFAULT CHARSET=latin1;

--
-- Volcado de datos para la tabla `proyecto`
--

INSERT INTO `proyecto` (`idProyecto`, `nombreProyecto`, `fechaCreacion`, `Usuario_idUsuario`, `numProyecto`, `cantMaxRes`, `cantMinRes`, `terminado`) VALUES
(33, 'A', 'Apr 3, 2018', 39, NULL, NULL, NULL, 0),
(34, 'B', 'Apr 23, 2018', 39, NULL, NULL, NULL, 0),
(36, 'C', 'Apr 23, 2018', 39, NULL, NULL, NULL, 0),
(41, 'angy', 'May 21, 2018', 39, NULL, NULL, NULL, 0),
(44, 'AB', 'Jun 7, 2018', 42, NULL, NULL, NULL, 0),
(45, 'AB-2', 'Jun 7, 2018', 42, NULL, NULL, NULL, 0),
(46, 'Rescate', 'Jun 11, 2018', 1, NULL, NULL, NULL, 0);

-- --------------------------------------------------------

--
-- Estructura de tabla para la tabla `proyectoproducto`
--

CREATE TABLE `proyectoproducto` (
  `Proyectos_idProyecto` int(11) NOT NULL,
  `Productos_idProducto` int(11) NOT NULL,
  `numeroPeriodo` int(11) NOT NULL DEFAULT '0',
  `desarrollado` int(11) NOT NULL DEFAULT '0',
  `periodoInicio` int(11) NOT NULL DEFAULT '0',
  `periodosDes` int(11) NOT NULL DEFAULT '1'
) ENGINE=InnoDB DEFAULT CHARSET=latin1;

--
-- Volcado de datos para la tabla `proyectoproducto`
--

INSERT INTO `proyectoproducto` (`Proyectos_idProyecto`, `Productos_idProducto`, `numeroPeriodo`, `desarrollado`, `periodoInicio`, `periodosDes`) VALUES
(33, 4, 0, 2, 0, 0),
(33, 5, 0, 0, 0, 0),
(33, 5, 1, 1, 1, 1),
(33, 5, 2, 1, 1, 2),
(33, 5, 3, 2, 1, 2),
(33, 6, 0, 0, 0, 0),
(33, 6, 2, 1, 2, 1),
(33, 6, 3, 1, 2, 2),
(33, 6, 4, 2, 2, 2),
(34, 4, 0, 2, 0, 0),
(34, 5, 0, 0, 0, 0),
(34, 5, 1, 1, 1, 1),
(34, 5, 2, 1, 1, 2),
(34, 5, 3, 2, 1, 2),
(34, 6, 0, 0, 0, 0),
(34, 6, 2, 1, 2, 1),
(34, 6, 3, 1, 2, 2),
(34, 6, 4, 2, 2, 2),
(36, 4, 0, 2, 0, 0),
(36, 5, 0, 0, 0, 0),
(36, 6, 0, 0, 0, 0),
(41, 4, 0, 2, 0, 0),
(41, 5, 0, 0, 0, 0),
(41, 6, 0, 0, 0, 0),
(44, 4, 0, 2, 0, 0),
(44, 5, 0, 0, 0, 0),
(44, 5, 1, 1, 1, 1),
(44, 5, 2, 1, 1, 2),
(44, 5, 3, 2, 1, 2),
(44, 6, 0, 0, 0, 0),
(44, 6, 2, 1, 2, 1),
(44, 6, 3, 1, 2, 2),
(44, 6, 4, 2, 2, 2),
(45, 4, 0, 2, 0, 0),
(45, 5, 0, 0, 0, 0),
(45, 5, 1, 1, 1, 1),
(45, 5, 2, 1, 1, 2),
(45, 5, 3, 2, 1, 2),
(45, 6, 0, 0, 0, 0),
(45, 6, 2, 1, 2, 1),
(45, 6, 3, 1, 2, 2),
(45, 6, 4, 2, 2, 2),
(46, 4, 0, 2, 0, 0),
(46, 5, 0, 0, 0, 0),
(46, 6, 0, 0, 0, 0);

-- --------------------------------------------------------

--
-- Estructura de tabla para la tabla `rescate`
--

CREATE TABLE `rescate` (
  `numeroPeriodo` int(11) NOT NULL,
  `idRescate` int(11) NOT NULL,
  `idProyecto` int(11) NOT NULL,
  `monto` double NOT NULL DEFAULT '0'
) ENGINE=InnoDB DEFAULT CHARSET=latin1;

--
-- Volcado de datos para la tabla `rescate`
--

INSERT INTO `rescate` (`numeroPeriodo`, `idRescate`, `idProyecto`, `monto`) VALUES
(5, 4, 44, 60000000),
(2, 5, 46, 10000000);

-- --------------------------------------------------------

--
-- Estructura de tabla para la tabla `usuario`
--

CREATE TABLE `usuario` (
  `idUsuario` int(11) NOT NULL,
  `nombreUsuario` varchar(20) DEFAULT NULL,
  `apPat` varchar(20) DEFAULT NULL,
  `apMat` varchar(20) DEFAULT NULL,
  `Administrador_idAdministrador` int(11) NOT NULL,
  `contra` varchar(20) DEFAULT NULL,
  `user` varchar(20) DEFAULT NULL,
  `imgUsuario` varchar(50) DEFAULT NULL,
  `cajaBancos` double DEFAULT NULL,
  `cuentasPorCobrar` double DEFAULT NULL,
  `IVAAcreditable` double DEFAULT NULL,
  `almacenArtTerm` double DEFAULT NULL,
  `almacenMateriales` double DEFAULT NULL,
  `terreno` double DEFAULT NULL,
  `edifInsta` double DEFAULT NULL,
  `maqEquipo` double DEFAULT NULL,
  `mueblesEnseres` double DEFAULT NULL,
  `eqTrans` double DEFAULT NULL,
  `pagosAnticipado` double DEFAULT NULL,
  `gastosAmortizacion` double DEFAULT NULL,
  `IVAPorEnterar` double DEFAULT NULL,
  `imptosPorPagar` double DEFAULT NULL,
  `proveedores` double DEFAULT NULL,
  `PTUPorPagar` double DEFAULT NULL,
  `capitalSocial` double DEFAULT NULL,
  `reservaLegal` double DEFAULT NULL,
  `utilidadEjercicio` double DEFAULT '0',
  `utilidadAcum` double DEFAULT NULL,
  `prestamosMenosAnio` double DEFAULT NULL,
  `prestamosMasAnio` double DEFAULT NULL,
  `periodos` int(11) NOT NULL DEFAULT '10',
  `proyectos` int(11) NOT NULL DEFAULT '10',
  `regresion` int(11) NOT NULL DEFAULT '0',
  `minRescate` int(11) NOT NULL DEFAULT '0',
  `maxRescate` int(11) NOT NULL DEFAULT '0'
) ENGINE=InnoDB DEFAULT CHARSET=latin1;

--
-- Volcado de datos para la tabla `usuario`
--

INSERT INTO `usuario` (`idUsuario`, `nombreUsuario`, `apPat`, `apMat`, `Administrador_idAdministrador`, `contra`, `user`, `imgUsuario`, `cajaBancos`, `cuentasPorCobrar`, `IVAAcreditable`, `almacenArtTerm`, `almacenMateriales`, `terreno`, `edifInsta`, `maqEquipo`, `mueblesEnseres`, `eqTrans`, `pagosAnticipado`, `gastosAmortizacion`, `IVAPorEnterar`, `imptosPorPagar`, `proveedores`, `PTUPorPagar`, `capitalSocial`, `reservaLegal`, `utilidadEjercicio`, `utilidadAcum`, `prestamosMenosAnio`, `prestamosMasAnio`, `periodos`, `proyectos`, `regresion`, `minRescate`, `maxRescate`) VALUES
(1, 'Juan', 'Calette', 'Jimenez', 1, '123', 'JC', NULL, 2500000, 0, 0, 0, 0, 1000000, 2000000, 3000000, 500000, 1000000, 0, 0, 0, 0, 0, 0, 10000000, 0, 0, 0, 0, 0, 10, 10, 1, 5000000, 10000000),
(39, 'Raul', 'Uribe', 'E', 11, '123', 'raul', NULL, 2500000, 0, 0, 0, 0, 1000000, 2000000, 3000000, 500000, 1000000, 0, 0, 0, 0, 0, 0, 10000000, 0, 0, 0, 0, 0, 10, 10, 1, 5000000, 10000000),
(41, 'Hugo', 'Cardona', 'N', 11, 'card', 'Hugocard', NULL, 2500000, 0, 0, 0, 0, 1000000, 2000000, 3000000, 500000, 1000000, 0, 0, 0, 0, 0, 0, 10000000, 0, 0, 0, 0, 0, 10, 10, 1, 10000000, 50000000),
(42, 'Raul', 'U', 'E', 11, 'pruebaf', 'pruebaf', NULL, 2500000, 0, 0, 0, 0, 1000000, 2000000, 3000000, 500000, 1000000, 0, 0, 0, 0, 0, 0, 10000000, 0, 0, 0, 0, 0, 10, 10, 1, 20000000, 60000000);

-- --------------------------------------------------------

--
-- Estructura de tabla para la tabla `usuariocredito`
--

CREATE TABLE `usuariocredito` (
  `idCredito` int(11) NOT NULL,
  `idUsuario` int(11) NOT NULL,
  `idAdministrador` int(11) NOT NULL
) ENGINE=InnoDB DEFAULT CHARSET=utf8;

--
-- Volcado de datos para la tabla `usuariocredito`
--

INSERT INTO `usuariocredito` (`idCredito`, `idUsuario`, `idAdministrador`) VALUES
(1, 1, 1),
(1, 39, 1),
(1, 41, 11),
(1, 42, 11),
(2, 1, 1),
(2, 39, 1),
(2, 41, 11),
(2, 42, 11),
(3, 1, 1),
(3, 39, 1),
(3, 41, 11),
(3, 42, 11),
(4, 1, 1),
(4, 39, 1),
(4, 41, 11),
(4, 42, 11),
(5, 1, 1),
(5, 39, 1),
(5, 41, 11),
(5, 42, 11),
(6, 1, 1),
(6, 39, 11),
(6, 41, 11),
(6, 42, 11),
(7, 39, 11);

-- --------------------------------------------------------

--
-- Estructura de tabla para la tabla `usuariomaquinaria`
--

CREATE TABLE `usuariomaquinaria` (
  `idMaquinaria` int(11) NOT NULL,
  `Producto_idProducto` int(11) NOT NULL,
  `idUsuario` int(11) NOT NULL,
  `Administrador_idAdministrador` int(11) NOT NULL,
  `cantidad` int(11) DEFAULT '1'
) ENGINE=InnoDB DEFAULT CHARSET=latin1;

--
-- Volcado de datos para la tabla `usuariomaquinaria`
--

INSERT INTO `usuariomaquinaria` (`idMaquinaria`, `Producto_idProducto`, `idUsuario`, `Administrador_idAdministrador`, `cantidad`) VALUES
(8, 4, 1, 1, 2),
(8, 4, 39, 11, 2),
(8, 4, 41, 11, 2),
(8, 4, 42, 11, 2);

-- --------------------------------------------------------

--
-- Estructura de tabla para la tabla `usuarioproducto`
--

CREATE TABLE `usuarioproducto` (
  `idProducto` int(11) NOT NULL,
  `idUsuario` int(11) NOT NULL,
  `idAdministrador` int(11) NOT NULL
) ENGINE=InnoDB DEFAULT CHARSET=latin1;

--
-- Volcado de datos para la tabla `usuarioproducto`
--

INSERT INTO `usuarioproducto` (`idProducto`, `idUsuario`, `idAdministrador`) VALUES
(4, 1, 1),
(4, 39, 11),
(4, 41, 11),
(4, 42, 11);

-- --------------------------------------------------------

--
-- Estructura de tabla para la tabla `usuarioproductozona`
--

CREATE TABLE `usuarioproductozona` (
  `idUsuario` int(11) NOT NULL,
  `idAdministrador` int(11) NOT NULL,
  `idProducto` int(11) NOT NULL,
  `idZona` int(11) NOT NULL
) ENGINE=InnoDB DEFAULT CHARSET=latin1;

--
-- Volcado de datos para la tabla `usuarioproductozona`
--

INSERT INTO `usuarioproductozona` (`idUsuario`, `idAdministrador`, `idProducto`, `idZona`) VALUES
(1, 1, 4, 84),
(39, 11, 4, 84),
(41, 11, 4, 84),
(42, 11, 4, 84);

-- --------------------------------------------------------

--
-- Estructura de tabla para la tabla `variable`
--

CREATE TABLE `variable` (
  `idVariable` int(11) NOT NULL,
  `concepto` varchar(50) NOT NULL,
  `valor` double NOT NULL DEFAULT '0'
) ENGINE=InnoDB DEFAULT CHARSET=utf8;

--
-- Volcado de datos para la tabla `variable`
--

INSERT INTO `variable` (`idVariable`, `concepto`, `valor`) VALUES
(1, 'Clientes', 30),
(11, 'Proveedores', 30),
(21, 'IVA', 0.15),
(31, 'ISR', 0.34),
(41, 'PTU', 0.1);

-- --------------------------------------------------------

--
-- Estructura de tabla para la tabla `zona`
--

CREATE TABLE `zona` (
  `idZona` int(11) NOT NULL,
  `nombreZona` varchar(20) DEFAULT NULL
) ENGINE=InnoDB DEFAULT CHARSET=latin1;

--
-- Volcado de datos para la tabla `zona`
--

INSERT INTO `zona` (`idZona`, `nombreZona`) VALUES
(84, 'Querétaro'),
(87, 'CDMX'),
(88, 'Tijuana'),
(89, 'Monterrey');

--
-- Índices para tablas volcadas
--

--
-- Indices de la tabla `administrador`
--
ALTER TABLE `administrador`
  ADD PRIMARY KEY (`idAdministrador`);

--
-- Indices de la tabla `almacen`
--
ALTER TABLE `almacen`
  ADD PRIMARY KEY (`Proyecto_idProyecto`,`Producto_idProducto`,`Balance_numeroPeriodo`),
  ADD KEY `fk_1` (`Proyecto_idProyecto`),
  ADD KEY `fk_2` (`Producto_idProducto`),
  ADD KEY `fk_3` (`Balance_numeroPeriodo`),
  ADD KEY `f_bp` (`Proyecto_idProyecto`,`Balance_numeroPeriodo`);

--
-- Indices de la tabla `amortizacion`
--
ALTER TABLE `amortizacion`
  ADD PRIMARY KEY (`numeroPeriodo`,`Proyecto_idProyecto`,`idCredito`),
  ADD KEY `fk_amortizacion_Proyecto1_idx` (`Proyecto_idProyecto`),
  ADD KEY `fk_amortizacion_Credito1_dx` (`idCredito`);

--
-- Indices de la tabla `auxiliarcuenta`
--
ALTER TABLE `auxiliarcuenta`
  ADD PRIMARY KEY (`Balance_numeroPeriodo`,`Proyectos_idProyecto`,`Producto_idProducto`),
  ADD KEY `fk_Producto` (`Producto_idProducto`),
  ADD KEY `Fk_P` (`Proyectos_idProyecto`,`Balance_numeroPeriodo`);

--
-- Indices de la tabla `auxiliarcuentaventa`
--
ALTER TABLE `auxiliarcuentaventa`
  ADD PRIMARY KEY (`Balance_numeroPeriodo`,`Proyectos_idProyecto`,`Producto_idProducto`),
  ADD KEY `fk_Operacion` (`Producto_idProducto`),
  ADD KEY `fk_B` (`Proyectos_idProyecto`,`Balance_numeroPeriodo`);

--
-- Indices de la tabla `balance`
--
ALTER TABLE `balance`
  ADD PRIMARY KEY (`numeroPeriodo`,`Proyectos_idProyecto`),
  ADD KEY `fk_Balance_Proyectos1_idx` (`Proyectos_idProyecto`);

--
-- Indices de la tabla `credito`
--
ALTER TABLE `credito`
  ADD PRIMARY KEY (`idCredito`);

--
-- Indices de la tabla `creditoactivo`
--
ALTER TABLE `creditoactivo`
  ADD PRIMARY KEY (`idCredito`,`idProyecto`,`numeroPeriodo`,`plazo`),
  ADD KEY `fk_creditoactivoCredito` (`idCredito`),
  ADD KEY `fk_creditoactivoBalance` (`idProyecto`),
  ADD KEY `fk_creditoactivoNumeroPeriodo` (`numeroPeriodo`),
  ADD KEY `fk_creditoactivo_Balance1` (`idProyecto`,`numeroPeriodo`);

--
-- Indices de la tabla `creditobalance`
--
ALTER TABLE `creditobalance`
  ADD PRIMARY KEY (`credito_idCredito`,`numeroPeriodo`,`Proyectos_idProyecto`),
  ADD KEY `fk_creditobalanceBalance` (`numeroPeriodo`,`Proyectos_idProyecto`),
  ADD KEY `fk_creditobalanceCredito` (`credito_idCredito`),
  ADD KEY `FK` (`Proyectos_idProyecto`,`numeroPeriodo`);

--
-- Indices de la tabla `demanda`
--
ALTER TABLE `demanda`
  ADD PRIMARY KEY (`numPeriodo`,`Zona_idZonas`,`Producto_idProducto`),
  ADD KEY `fk_Demanda_Zona1_idx` (`Zona_idZonas`),
  ADD KEY `fk_Demanda_Producto1_idx` (`Producto_idProducto`);

--
-- Indices de la tabla `encabezado`
--
ALTER TABLE `encabezado`
  ADD PRIMARY KEY (`idEncabezado`,`Proyecto_idProyecto`,`Proyecto_Usuario_idUsuario`),
  ADD KEY `fk_Encabezado_Proyecto1_idx` (`Proyecto_idProyecto`,`Proyecto_Usuario_idUsuario`);

--
-- Indices de la tabla `maquinaria`
--
ALTER TABLE `maquinaria`
  ADD PRIMARY KEY (`idMaquinaria`,`Producto_idProducto`),
  ADD KEY `fk_Maquinaria_Producto1_idx` (`Producto_idProducto`);

--
-- Indices de la tabla `maquinariaproyecto`
--
ALTER TABLE `maquinariaproyecto`
  ADD PRIMARY KEY (`Maquinaria_idMaquinaria`,`Proyectos_idProyecto`,`Maquinaria_idProducto`,`Balance_numeroPeriodo`),
  ADD KEY `fk_Maquinaria_has_Proyectos_Proyectos1_idx` (`Proyectos_idProyecto`),
  ADD KEY `fk_Maquinaria_Producto1` (`Maquinaria_idProducto`),
  ADD KEY `fk_Maquinaria_has_Proyectos_Maquinaria1` (`Maquinaria_idMaquinaria`,`Maquinaria_idProducto`),
  ADD KEY `FK_Maquinaria_has_Balance` (`Balance_numeroPeriodo`),
  ADD KEY `FB` (`Proyectos_idProyecto`,`Balance_numeroPeriodo`);

--
-- Indices de la tabla `operacion`
--
ALTER TABLE `operacion`
  ADD PRIMARY KEY (`Producto_idProducto`,`Zona_idZonas`,`Proyecto_idProyecto`,`numeroPeriodo`),
  ADD KEY `fk2` (`Zona_idZonas`),
  ADD KEY `fk3` (`Proyecto_idProyecto`),
  ADD KEY `fk4` (`numeroPeriodo`),
  ADD KEY `fk123` (`numeroPeriodo`,`Proyecto_idProyecto`),
  ADD KEY `FK_123` (`Proyecto_idProyecto`,`numeroPeriodo`);

--
-- Indices de la tabla `pagocredito`
--
ALTER TABLE `pagocredito`
  ADD PRIMARY KEY (`idPagoCredito`,`idCredito`),
  ADD KEY `kt` (`idCredito`);

--
-- Indices de la tabla `producto`
--
ALTER TABLE `producto`
  ADD PRIMARY KEY (`idProducto`);

--
-- Indices de la tabla `productozona`
--
ALTER TABLE `productozona`
  ADD PRIMARY KEY (`Zona_idZona`,`Producto_idProducto`),
  ADD KEY `fk_table1_Producto2_idx` (`Producto_idProducto`);

--
-- Indices de la tabla `productozonaproyecto`
--
ALTER TABLE `productozonaproyecto`
  ADD PRIMARY KEY (`Producto_idProducto`,`Zona_idZonas`,`Proyecto_idProyecto`,`Proyecto_Usuario_idUsuario`,`numeroPeriodo`),
  ADD KEY `fk_productozonaproyectoZona` (`Zona_idZonas`),
  ADD KEY `fk_productozonaproyectoProyecto` (`Proyecto_idProyecto`),
  ADD KEY `fk_productozonaproyectoUsuario` (`Proyecto_Usuario_idUsuario`),
  ADD KEY `fk_productozonaproyectoNumeroPeriodo` (`numeroPeriodo`),
  ADD KEY `fk_productozonaproyecto_Balance1` (`Proyecto_idProyecto`,`numeroPeriodo`),
  ADD KEY `RProyecto` (`Proyecto_idProyecto`,`Proyecto_Usuario_idUsuario`),
  ADD KEY `ASD` (`Zona_idZonas`,`Producto_idProducto`);

--
-- Indices de la tabla `proyecto`
--
ALTER TABLE `proyecto`
  ADD PRIMARY KEY (`idProyecto`,`Usuario_idUsuario`),
  ADD KEY `fk_Proyectos_Usuario1_idx` (`Usuario_idUsuario`);

--
-- Indices de la tabla `proyectoproducto`
--
ALTER TABLE `proyectoproducto`
  ADD PRIMARY KEY (`Proyectos_idProyecto`,`Productos_idProducto`,`numeroPeriodo`),
  ADD KEY `fk_proyectoproductoProyecto` (`Proyectos_idProyecto`),
  ADD KEY `fk_proyectoproductoProducto` (`Productos_idProducto`),
  ADD KEY `fk_proyectoproductoNumeroP` (`numeroPeriodo`),
  ADD KEY `fk_proyectoproducto_Balance1` (`Proyectos_idProyecto`,`numeroPeriodo`);

--
-- Indices de la tabla `rescate`
--
ALTER TABLE `rescate`
  ADD PRIMARY KEY (`idRescate`,`idProyecto`,`numeroPeriodo`),
  ADD KEY `r` (`idProyecto`,`numeroPeriodo`);

--
-- Indices de la tabla `usuario`
--
ALTER TABLE `usuario`
  ADD PRIMARY KEY (`idUsuario`,`Administrador_idAdministrador`),
  ADD KEY `fk_Usuario_Administrador1_idx` (`Administrador_idAdministrador`);

--
-- Indices de la tabla `usuariocredito`
--
ALTER TABLE `usuariocredito`
  ADD PRIMARY KEY (`idCredito`,`idUsuario`,`idAdministrador`),
  ADD KEY `fk_table1_Usuario2_idx` (`idUsuario`,`idAdministrador`);

--
-- Indices de la tabla `usuariomaquinaria`
--
ALTER TABLE `usuariomaquinaria`
  ADD PRIMARY KEY (`idMaquinaria`,`Producto_idProducto`,`idUsuario`,`Administrador_idAdministrador`),
  ADD KEY `fk_table1_Usuario1_idx` (`idUsuario`,`Administrador_idAdministrador`);

--
-- Indices de la tabla `usuarioproducto`
--
ALTER TABLE `usuarioproducto`
  ADD PRIMARY KEY (`idProducto`,`idUsuario`,`idAdministrador`),
  ADD KEY `fk_table1_Usuario2_idx` (`idUsuario`,`idAdministrador`);

--
-- Indices de la tabla `usuarioproductozona`
--
ALTER TABLE `usuarioproductozona`
  ADD PRIMARY KEY (`idUsuario`,`idAdministrador`,`idProducto`,`idZona`),
  ADD KEY `fk_usuarioproductozona_Producto1_idx` (`idProducto`),
  ADD KEY `fk_usuarioproductozona_Zona1_idx` (`idZona`),
  ADD KEY `xcdrth` (`idZona`,`idProducto`);

--
-- Indices de la tabla `variable`
--
ALTER TABLE `variable`
  ADD PRIMARY KEY (`idVariable`);

--
-- Indices de la tabla `zona`
--
ALTER TABLE `zona`
  ADD PRIMARY KEY (`idZona`);

--
-- AUTO_INCREMENT de las tablas volcadas
--

--
-- AUTO_INCREMENT de la tabla `administrador`
--
ALTER TABLE `administrador`
  MODIFY `idAdministrador` int(11) NOT NULL AUTO_INCREMENT, AUTO_INCREMENT=12;

--
-- AUTO_INCREMENT de la tabla `credito`
--
ALTER TABLE `credito`
  MODIFY `idCredito` int(11) NOT NULL AUTO_INCREMENT, AUTO_INCREMENT=8;

--
-- AUTO_INCREMENT de la tabla `maquinaria`
--
ALTER TABLE `maquinaria`
  MODIFY `idMaquinaria` int(11) NOT NULL AUTO_INCREMENT, AUTO_INCREMENT=9;

--
-- AUTO_INCREMENT de la tabla `pagocredito`
--
ALTER TABLE `pagocredito`
  MODIFY `idPagoCredito` int(11) NOT NULL AUTO_INCREMENT, AUTO_INCREMENT=85;

--
-- AUTO_INCREMENT de la tabla `producto`
--
ALTER TABLE `producto`
  MODIFY `idProducto` int(11) NOT NULL AUTO_INCREMENT, AUTO_INCREMENT=7;

--
-- AUTO_INCREMENT de la tabla `proyecto`
--
ALTER TABLE `proyecto`
  MODIFY `idProyecto` int(11) NOT NULL AUTO_INCREMENT, AUTO_INCREMENT=47;

--
-- AUTO_INCREMENT de la tabla `rescate`
--
ALTER TABLE `rescate`
  MODIFY `idRescate` int(11) NOT NULL AUTO_INCREMENT, AUTO_INCREMENT=6;

--
-- AUTO_INCREMENT de la tabla `usuario`
--
ALTER TABLE `usuario`
  MODIFY `idUsuario` int(11) NOT NULL AUTO_INCREMENT, AUTO_INCREMENT=43;

--
-- AUTO_INCREMENT de la tabla `variable`
--
ALTER TABLE `variable`
  MODIFY `idVariable` int(11) NOT NULL AUTO_INCREMENT, AUTO_INCREMENT=42;

--
-- AUTO_INCREMENT de la tabla `zona`
--
ALTER TABLE `zona`
  MODIFY `idZona` int(11) NOT NULL AUTO_INCREMENT, AUTO_INCREMENT=90;

--
-- Restricciones para tablas volcadas
--

--
-- Filtros para la tabla `almacen`
--
ALTER TABLE `almacen`
  ADD CONSTRAINT `f_bp` FOREIGN KEY (`Proyecto_idProyecto`,`Balance_numeroPeriodo`) REFERENCES `balance` (`Proyectos_idProyecto`, `numeroPeriodo`) ON DELETE CASCADE ON UPDATE CASCADE,
  ADD CONSTRAINT `f_p` FOREIGN KEY (`Producto_idProducto`) REFERENCES `producto` (`idProducto`) ON UPDATE CASCADE;

--
-- Filtros para la tabla `amortizacion`
--
ALTER TABLE `amortizacion`
  ADD CONSTRAINT `fk_amortizacion_Credito1` FOREIGN KEY (`idCredito`) REFERENCES `credito` (`idCredito`) ON UPDATE CASCADE,
  ADD CONSTRAINT `fk_amortizacion_Proyecto1` FOREIGN KEY (`Proyecto_idProyecto`) REFERENCES `proyecto` (`idProyecto`) ON DELETE CASCADE ON UPDATE CASCADE;

--
-- Filtros para la tabla `auxiliarcuenta`
--
ALTER TABLE `auxiliarcuenta`
  ADD CONSTRAINT `Fk_P` FOREIGN KEY (`Proyectos_idProyecto`,`Balance_numeroPeriodo`) REFERENCES `balance` (`Proyectos_idProyecto`, `numeroPeriodo`) ON DELETE CASCADE ON UPDATE CASCADE,
  ADD CONSTRAINT `fk_Producto` FOREIGN KEY (`Producto_idProducto`) REFERENCES `producto` (`idProducto`) ON UPDATE CASCADE;

--
-- Filtros para la tabla `auxiliarcuentaventa`
--
ALTER TABLE `auxiliarcuentaventa`
  ADD CONSTRAINT `fk_B` FOREIGN KEY (`Proyectos_idProyecto`,`Balance_numeroPeriodo`) REFERENCES `balance` (`Proyectos_idProyecto`, `numeroPeriodo`) ON DELETE CASCADE ON UPDATE CASCADE,
  ADD CONSTRAINT `fk_E` FOREIGN KEY (`Producto_idProducto`) REFERENCES `producto` (`idProducto`) ON UPDATE CASCADE;

--
-- Filtros para la tabla `balance`
--
ALTER TABLE `balance`
  ADD CONSTRAINT `fk_Balance_Proyectos1` FOREIGN KEY (`Proyectos_idProyecto`) REFERENCES `proyecto` (`idProyecto`) ON DELETE CASCADE ON UPDATE CASCADE;

--
-- Filtros para la tabla `creditoactivo`
--
ALTER TABLE `creditoactivo`
  ADD CONSTRAINT `fk_creditoactivo_Balance1` FOREIGN KEY (`idProyecto`,`numeroPeriodo`) REFERENCES `balance` (`Proyectos_idProyecto`, `numeroPeriodo`) ON DELETE CASCADE ON UPDATE CASCADE,
  ADD CONSTRAINT `fk_creditoactivo_Credito1` FOREIGN KEY (`idCredito`) REFERENCES `credito` (`idCredito`) ON UPDATE CASCADE;

--
-- Filtros para la tabla `creditobalance`
--
ALTER TABLE `creditobalance`
  ADD CONSTRAINT `FK` FOREIGN KEY (`Proyectos_idProyecto`,`numeroPeriodo`) REFERENCES `balance` (`Proyectos_idProyecto`, `numeroPeriodo`) ON DELETE CASCADE ON UPDATE CASCADE,
  ADD CONSTRAINT `fk_creditobalanceCredito1` FOREIGN KEY (`credito_idCredito`) REFERENCES `credito` (`idCredito`) ON UPDATE CASCADE;

--
-- Filtros para la tabla `demanda`
--
ALTER TABLE `demanda`
  ADD CONSTRAINT `fk_Demanda_Producto1` FOREIGN KEY (`Producto_idProducto`) REFERENCES `producto` (`idProducto`) ON DELETE CASCADE ON UPDATE CASCADE,
  ADD CONSTRAINT `fk_Demanda_Zona1` FOREIGN KEY (`Zona_idZonas`) REFERENCES `zona` (`idZona`) ON DELETE CASCADE ON UPDATE CASCADE;

--
-- Filtros para la tabla `encabezado`
--
ALTER TABLE `encabezado`
  ADD CONSTRAINT `fk_Encabezado_Proyecto1` FOREIGN KEY (`Proyecto_idProyecto`,`Proyecto_Usuario_idUsuario`) REFERENCES `proyecto` (`idProyecto`, `Usuario_idUsuario`) ON DELETE CASCADE ON UPDATE CASCADE;

--
-- Filtros para la tabla `maquinaria`
--
ALTER TABLE `maquinaria`
  ADD CONSTRAINT `fk_Maquinaria_Producto1` FOREIGN KEY (`Producto_idProducto`) REFERENCES `producto` (`idProducto`) ON DELETE NO ACTION ON UPDATE NO ACTION;

--
-- Filtros para la tabla `maquinariaproyecto`
--
ALTER TABLE `maquinariaproyecto`
  ADD CONSTRAINT `FB` FOREIGN KEY (`Proyectos_idProyecto`,`Balance_numeroPeriodo`) REFERENCES `balance` (`Proyectos_idProyecto`, `numeroPeriodo`) ON DELETE CASCADE ON UPDATE CASCADE,
  ADD CONSTRAINT `fk_Maquinaria_has_Proyectos_Maquinaria1` FOREIGN KEY (`Maquinaria_idMaquinaria`,`Maquinaria_idProducto`) REFERENCES `maquinaria` (`idMaquinaria`, `Producto_idProducto`) ON UPDATE CASCADE;

--
-- Filtros para la tabla `operacion`
--
ALTER TABLE `operacion`
  ADD CONSTRAINT `FK_123` FOREIGN KEY (`Proyecto_idProyecto`,`numeroPeriodo`) REFERENCES `balance` (`Proyectos_idProyecto`, `numeroPeriodo`) ON DELETE CASCADE ON UPDATE CASCADE,
  ADD CONSTRAINT `fk_w` FOREIGN KEY (`Producto_idProducto`) REFERENCES `producto` (`idProducto`) ON UPDATE CASCADE;

--
-- Filtros para la tabla `pagocredito`
--
ALTER TABLE `pagocredito`
  ADD CONSTRAINT `kt` FOREIGN KEY (`idCredito`) REFERENCES `credito` (`idCredito`) ON DELETE CASCADE ON UPDATE CASCADE;

--
-- Filtros para la tabla `productozona`
--
ALTER TABLE `productozona`
  ADD CONSTRAINT `RProducto` FOREIGN KEY (`Producto_idProducto`) REFERENCES `producto` (`idProducto`) ON DELETE CASCADE ON UPDATE CASCADE,
  ADD CONSTRAINT `RZona` FOREIGN KEY (`Zona_idZona`) REFERENCES `zona` (`idZona`) ON DELETE CASCADE ON UPDATE CASCADE;

--
-- Filtros para la tabla `productozonaproyecto`
--
ALTER TABLE `productozonaproyecto`
  ADD CONSTRAINT `ASD` FOREIGN KEY (`Zona_idZonas`,`Producto_idProducto`) REFERENCES `productozona` (`Zona_idZona`, `Producto_idProducto`) ON UPDATE CASCADE,
  ADD CONSTRAINT `RP` FOREIGN KEY (`Proyecto_idProyecto`,`numeroPeriodo`) REFERENCES `balance` (`Proyectos_idProyecto`, `numeroPeriodo`) ON DELETE CASCADE ON UPDATE CASCADE;

--
-- Filtros para la tabla `proyecto`
--
ALTER TABLE `proyecto`
  ADD CONSTRAINT `BFWTQ` FOREIGN KEY (`Usuario_idUsuario`) REFERENCES `usuario` (`idUsuario`) ON DELETE CASCADE ON UPDATE CASCADE;

--
-- Filtros para la tabla `proyectoproducto`
--
ALTER TABLE `proyectoproducto`
  ADD CONSTRAINT `fk_proyectoproducto_Balance1` FOREIGN KEY (`Proyectos_idProyecto`,`numeroPeriodo`) REFERENCES `balance` (`Proyectos_idProyecto`, `numeroPeriodo`) ON DELETE CASCADE ON UPDATE CASCADE,
  ADD CONSTRAINT `fk_proyectoproducto_Producto1` FOREIGN KEY (`Productos_idProducto`) REFERENCES `producto` (`idProducto`) ON UPDATE CASCADE;

--
-- Filtros para la tabla `rescate`
--
ALTER TABLE `rescate`
  ADD CONSTRAINT `r` FOREIGN KEY (`idProyecto`,`numeroPeriodo`) REFERENCES `balance` (`Proyectos_idProyecto`, `numeroPeriodo`) ON DELETE CASCADE ON UPDATE CASCADE;

--
-- Filtros para la tabla `usuariocredito`
--
ALTER TABLE `usuariocredito`
  ADD CONSTRAINT `p` FOREIGN KEY (`idUsuario`) REFERENCES `usuario` (`idUsuario`) ON DELETE CASCADE ON UPDATE CASCADE,
  ADD CONSTRAINT `p2` FOREIGN KEY (`idCredito`) REFERENCES `credito` (`idCredito`);

--
-- Filtros para la tabla `usuariomaquinaria`
--
ALTER TABLE `usuariomaquinaria`
  ADD CONSTRAINT `FK_asd` FOREIGN KEY (`idMaquinaria`,`Producto_idProducto`) REFERENCES `maquinaria` (`idMaquinaria`, `Producto_idProducto`) ON UPDATE CASCADE,
  ADD CONSTRAINT `RUsuario` FOREIGN KEY (`idUsuario`) REFERENCES `usuario` (`idUsuario`) ON DELETE CASCADE ON UPDATE CASCADE;

--
-- Filtros para la tabla `usuarioproducto`
--
ALTER TABLE `usuarioproducto`
  ADD CONSTRAINT `fk_usuario` FOREIGN KEY (`idUsuario`) REFERENCES `usuario` (`idUsuario`) ON DELETE CASCADE ON UPDATE CASCADE,
  ADD CONSTRAINT `fklasdf` FOREIGN KEY (`idProducto`) REFERENCES `producto` (`idProducto`) ON UPDATE CASCADE;

--
-- Filtros para la tabla `usuarioproductozona`
--
ALTER TABLE `usuarioproductozona`
  ADD CONSTRAINT `frfdfa` FOREIGN KEY (`idUsuario`) REFERENCES `usuario` (`idUsuario`) ON DELETE CASCADE ON UPDATE CASCADE,
  ADD CONSTRAINT `xcdrth` FOREIGN KEY (`idZona`,`idProducto`) REFERENCES `productozona` (`Zona_idZona`, `Producto_idProducto`) ON UPDATE CASCADE;
COMMIT;

/*!40101 SET CHARACTER_SET_CLIENT=@OLD_CHARACTER_SET_CLIENT */;
/*!40101 SET CHARACTER_SET_RESULTS=@OLD_CHARACTER_SET_RESULTS */;
/*!40101 SET COLLATION_CONNECTION=@OLD_COLLATION_CONNECTION */;
